RB,JJS,IN,2
NNS,DT,VBP,2
WP,RB,PRP,5
CD,VBZ,NN,1
JJ,JJ,JJ,20
CC,IN,VBG,6
CD,VBZ,IN,2
WRB,PRP,TO,1
MD,PRP,VB,55
VBZ,IN,IN,14
NN,JJS,VBD,1
VBD,VBP,PRP$,1
NNS,NN,PRP,7
PRP,JJ,DT,4
RB,VBP,VBZ,7
CD,WDT,RB,1
VBP,VBZ,VBN,8
VBD,RP,CC,1
PRP$,VBZ,PRP$,2
CD,WDT,MD,2
CC,PRP,JJR,1
WP,RB,NN,1
JJ,RB,CC,5
JJ,JJ,NN,221
VBZ,VBP,RB,4
DT,VBD,CC,3
VBZ,TO,PRP,8
IN,WP,VBZ,5
WDT,NN,VBZ,14
IN,TO,VB,51
RB,VBZ,JJ,22
VB,PRP,VBP,16
WP,IN,PRP,5
IN,WDT,VBD,1
WP$,NN,MD,2
RB,IN,JJ,109
RB,WDT,VBN,1
MD,RB,PRP$,5
TO,DT,DT,11
VBG,EX,IN,1
TO,PRP$,CC,1
RB,VBZ,NN,26
IN,WP,CC,1
VBN,NNS,-NONE-,1
NN,IN,PDT,1
RB,VBP,NN,25
PRP,VBD,NNS,13
RB,VB,RB,24
JJS,RB,RB,1
IN,IN,PDT,3
VB,CC,JJS,1
VBG,DT,DT,9
VBG,PRP$,NN,45
VBP,PRP$,DT,1
PRP,DT,IN,6
VBZ,NN,NN,36
NN,WP,VBG,1
VBG,VBZ,CC,1
IN,VBZ,TO,3
NNS,WP$,JJ,3
NN,VBZ,IN,163
JJ,WP,NN,5
IN,PRP$,NNS,274
VB,NNS,NN,2
NN,VB,VBG,1
MD,IN,DT,9
DT,NN,VBZ,576
CC,WRB,PRP$,8
NN,VBP,CC,5
CC,IN,DT,293
RB,NNS,NN,1
CC,IN,VBN,3
CC,WP,MD,5
VBP,NN,IN,51
PRP$,NN,EX,5
TO,CD,DT,1
RBR,VBG,NN,1
NN,IN,NNP,30
VBN,VBD,JJ,1
IN,WDT,IN,9
RB,MD,PRP$,6
CC,JJ,DT,46
DT,RB,VBZ,28
IN,DT,VBG,58
VBG,VBN,JJ,2
VBD,VB,PRP$,4
VBN,NN,NN,71
MD,VBG,NN,1
TO,DT,RBR,1
VBD,NN,VB,2
VB,VBD,JJ,1
WP,PRP,MD,11
VB,PRP$,IN,3
VB,VB,JJ,5
VBD,CC,NNP,1
VB,JJ,PRP$,6
PRP,VBZ,PRP,43
NNS,VBZ,PRP$,1
CC,PRP$,NNS,29
JJ,VBZ,IN,2
IN,WP$,VBG,1
WDT,IN,JJS,2
RB,TO,CC,2
PRP,NN,CC,8
NN,CC,VBD,117
PRP$,RB,DT,1
RB,VBG,JJ,10
IN,WRB,DT,23
MD,RB,PRP,1
JJ,VBG,NN,1
PRP,PRP,CC,1
IN,MD,CC,3
VBN,VBP,NN,1
WRB,IN,VBZ,1
VBN,VBN,NN,5
VBP,NN,VBD,3
IN,RB,PRP,33
WDT,VBD,VB,1
VBZ,VBN,IN,95
WP$,DT,NN,1
VB,CD,JJ,2
WP,VBN,JJ,2
VBN,TO,WP,1
NN,NNS,WRB,37
JJR,TO,PRP$,2
WP$,NN,NN,21
NNS,EX,VBD,1
JJ,DT,VBP,1
JJ,PRP,WP,2
VB,JJ,RBR,1
RB,VBZ,VBP,5
CC,NN,MD,30
IN,PRP$,VBP,2
RB,VBN,NNS,7
VBG,RB,WP,1
DT,JJS,JJS,4
VBP,WRB,IN,1
IN,VBN,VBP,3
JJ,VBZ,RBR,1
VBD,PRP,EX,1
VBN,VBZ,JJ,2
PRP$,PRP,PRP$,1
CC,MD,RBR,1
IN,DT,VBN,133
VBG,VBN,RP,2
RB,IN,VBP,2
VBP,NNS,MD,4
VBN,RP,TO,1
IN,NNS,WP,12
NNS,WRB,JJ,16
JJ,RB,JJ,12
VBD,PDT,NN,1
IN,PRP$,CC,8
RB,WRB,NN,5
PRP,VBG,IN,16
DT,VBP,WP,1
VBD,PRP$,CC,1
NN,WP$,NNS,10
PRP$,WRB,IN,1
NN,WDT,MD,15
CD,TO,PRP$,1
VBG,VBP,DT,1
JJS,VBG,NNS,2
IN,WP$,VBN,3
TO,NNS,VBP,3
RB,TO,DT,26
VBZ,NNS,WP,2
PRP,IN,MD,1
NN,CD,VBD,1
WP,DT,PRP$,1
VBG,VBN,PRP,1
VBD,TO,PRP$,5
VBP,-NONE-,VBZ,1
VBP,JJR,NN,1
PRP,WRB,DT,3
VBD,JJ,VBZ,1
CC,VBP,RP,8
VBZ,NN,VBZ,8
VBP,DT,JJ,84
PRP$,JJ,NN,431
IN,EX,MD,1
DT,NN,VBD,312
RB,WP,NNS,2
VBD,CD,NN,11
WP$,JJ,VBG,1
VBN,NN,VBD,17
DT,VBZ,DT,33
RB,PRP,VB,4
VBD,NNS,NN,12
VBP,JJR,JJ,5
VBN,CC,VB,3
VBD,PRP,JJS,1
PRP,JJS,CC,1
PRP$,NN,JJR,4
IN,VBD,VBZ,1
VBP,JJ,JJS,1
RB,VBP,VBG,3
JJS,TO,NN,1
VBZ,RB,PRP,6
IN,VB,JJ,3
EX,PRP$,NN,2
PRP,PRP,DT,2
JJR,EX,VBZ,1
DT,TO,PRP,3
TO,RB,RB,1
VBN,RB,IN,31
JJ,NN,NN,1059
VBP,NN,VB,2
PRP,VBD,PRP,108
RB,IN,VBG,17
CC,NNP,IN,1
PRP,NNS,CD,1
WRB,VBG,PRP,1
VBP,IN,WRB,4
CC,WP,VB,1
VBP,IN,EX,1
WRB,NN,NN,18
NN,PRP,WRB,12
VBP,VBG,PRP$,2
VBD,VBN,RP,6
MD,PRP,VBG,1
VBD,NNP,NN,1
PRP,CC,PRP$,10
NNS,VBG,VBG,4
PRP,NN,RB,13
CC,VBP,PRP$,17
WDT,RB,PRP$,2
WDT,NN,WDT,2
VBP,IN,TO,5
MD,VB,MD,6
RB,RB,PRP,25
JJ,JJ,VBD,1
NNP,NN,VBZ,1
PRP$,DT,NNP,1
VBZ,PRP,JJ,5
VBP,VBG,JJ,8
WRB,DT,NNS,26
DT,NNP,VBZ,3
NN,WDT,EX,1
NNS,VBP,TO,47
NNS,VBD,IN,82
JJR,JJ,NNS,11
TO,VB,VBP,3
TO,CD,CC,1
IN,VBN,PRP,6
RB,PRP$,NN,113
WRB,VBG,RP,2
WP$,NN,PRP,3
IN,WDT,NN,5
PRP,VB,CC,9
PDT,VBG,TO,1
VBD,WP,DT,1
WRB,MD,JJ,1
NN,CD,JJR,3
NNS,DT,CD,2
IN,IN,NN,132
NN,PRP,VBG,11
RB,NNP,RB,1
DT,JJ,EX,1
VBG,RB,NN,2
CD,NN,VBP,1
NN,NN,VBP,22
PRP,RP,NN,2
IN,PRP,WP,23
VBP,-NONE-,NNS,2
JJS,VB,JJ,1
RB,RBR,PRP$,2
CD,VBD,VBN,1
PRP$,NN,TO,72
PRP$,PRP,IN,1
VB,WP,RB,7
PRP,JJ,VBN,1
WP,DT,CD,1
VBP,RB,CC,15
NN,WRB,CC,1
VBG,VBZ,RB,1
WDT,PRP,MD,19
VBG,PRP,CC,2
RB,RB,WRB,11
CC,VBN,VBD,2
RB,NNS,WP,1
NN,NN,JJS,3
PRP,VB,PRP$,15
WDT,VBZ,IN,13
JJ,PRP,NNS,1
VBP,VBP,NNS,1
WP,VBP,CC,1
PRP,PRP$,JJ,11
VB,RB,WP,4
PRP$,VBN,PRP,1
WP$,NNS,PRP,1
WP$,NN,VBG,2
VBN,JJ,VBD,1
RB,VB,TO,29
JJ,NNS,TO,40
CC,NN,VBD,64
VB,IN,JJ,54
JJ,WRB,PRP$,1
VB,NN,WP,2
VBP,PRP$,IN,2
VBN,RP,NNS,3
JJ,VBD,PRP$,5
TO,NN,CD,2
VBG,DT,JJS,1
CC,PRP,PRP,8
WP,VBZ,IN,6
NNS,VB,JJS,1
NNS,VBZ,JJS,1
WDT,JJR,NNS,4
NNS,RB,DT,15
CC,TO,RB,2
VBD,VB,VBN,5
VBP,NNS,DT,7
WRB,PRP,DT,3
RP,PRP,TO,1
DT,NNS,CD,2
PRP,VB,RP,2
DT,VBN,CD,3
CC,VBD,IN,152
PRP,VBD,VBZ,5
CC,RBR,WP,1
VBN,RBR,JJ,1
VBZ,NN,DT,14
MD,NNS,PRP,3
VBN,CC,VBZ,2
VBN,RB,PRP$,2
VBP,JJS,PRP,1
WP,PRP,VBD,14
VBD,NNS,PRP,4
TO,JJ,JJ,7
VBP,CC,DT,13
NNS,IN,DT,594
MD,CC,PRP,1
RP,DT,NN,26
DT,WDT,MD,1
NNS,NN,IN,45
RB,RB,VBP,14
NN,NNS,DT,176
NNP,NN,-NONE-,1
VBG,JJ,JJ,4
NN,RBR,NNS,1
NN,EX,CC,2
NNS,EX,NN,1
-NONE-,NN,NN,3
VBP,DT,NNS,89
-NONE-,RB,IN,1
VB,JJ,EX,3
VBN,MD,CC,1
VBN,CC,VBP,1
CD,NNS,WP,1
VBG,IN,WP,2
VBP,PRP,CC,18
VBP,JJR,NNS,3
VBG,RB,WRB,1
RB,JJ,PRP$,16
VBP,PRP,NNS,8
NN,WDT,NNS,17
VBG,NNS,IN,45
VBZ,-NONE-,IN,1
VB,IN,JJR,6
NN,MD,JJ,1
CC,JJR,CC,5
VBN,RB,TO,6
VBD,CC,VB,2
RB,RP,RB,1
VBG,NNS,PRP,8
VBN,IN,JJR,2
VBG,JJS,NNS,1
VBZ,JJR,IN,4
JJR,TO,PRP,1
CC,PRP,WRB,1
VBD,WP$,NNS,1
NN,VBD,DT,110
RBR,JJ,PRP,3
WP,JJ,DT,1
RBS,RB,CC,1
EX,VB,NNS,1
CC,JJS,WRB,1
VBG,RB,PRP,4
VBG,NN,CC,48
VB,VB,TO,1
CC,VBG,PRP$,8
VBD,VBN,VBZ,1
DT,IN,PRP$,16
NN,IN,VB,4
NN,CD,PRP,1
NN,IN,WDT,28
RBS,JJ,NN,6
CC,VBD,VBN,19
CC,CD,IN,4
VBZ,CC,MD,1
PRP$,MD,PRP$,1
VBP,NNS,TO,6
CC,VBN,NNS,11
VBD,RB,CD,2
VBZ,EX,NN,1
JJ,IN,MD,3
WP$,RB,VBZ,1
CD,VBP,CD,2
NN,VB,CC,6
RB,VBP,TO,10
WP$,NN,RB,2
VBN,PRP$,JJ,18
JJ,WDT,NNS,3
PRP,WP,VBN,3
WRB,JJ,NN,67
DT,NNS,PRP$,20
WP,VBN,CC,4
PRP$,JJ,CD,2
VBZ,DT,MD,1
NN,IN,VBG,77
PRP$,PRP$,NN,7
VBD,CC,NN,61
CC,TO,NNS,1
NN,VBG,WRB,2
RBR,IN,EX,1
VBD,VBD,IN,3
VBN,PRP$,MD,1
JJR,JJR,RB,1
NN,NNS,NN,71
DT,RBS,RB,1
WDT,NNS,IN,6
PRP,JJR,VBD,1
CC,EX,MD,2
NN,CC,NNS,92
RBR,MD,PRP,1
CC,VBP,TO,10
VBN,PRP$,NNS,14
NNS,NNS,TO,5
PRP$,DT,PRP$,1
DT,JJ,WDT,2
PRP,VB,RB,10
JJ,NN,VB,23
PRP,VBD,VBD,7
RB,JJR,VBN,2
JJ,PRP,VBZ,15
PRP,VBN,IN,7
WDT,VBZ,NN,6
PRP$,NNS,VBZ,7
DT,CC,JJ,3
WRB,PRP,JJ,2
NN,VBN,-NONE-,1
NN,PRP,DT,26
PRP,MD,MD,1
VBP,DT,RB,7
RP,PRP$,JJ,1
DT,NNS,TO,27
PRP,RB,VB,38
JJ,NN,IN,687
PRP,IN,VBP,2
PRP$,NNS,IN,130
NN,RBR,TO,3
VBG,RP,TO,3
NNS,PRP,RB,29
PRP$,NNS,WP$,1
WP,VBG,VBD,1
IN,WRB,PRP,18
WP$,VBN,NNS,1
JJ,CC,IN,32
TO,NNP,NNS,4
JJ,RB,DT,4
WRB,DT,VBZ,4
PRP,WP,VBG,1
DT,VBZ,NNS,2
JJ,RB,VBN,5
NN,JJ,NN,138
WP$,NN,IN,2
WP$,NN,VBZ,8
NN,NN,WDT,116
DT,EX,VBZ,1
PRP,DT,PRP$,5
JJ,NNS,CD,2
TO,RB,CC,1
RBR,VBN,TO,1
JJ,WRB,DT,8
PRP$,VBG,DT,1
MD,VB,VB,39
NNS,DT,RBR,9
VBD,TO,NNP,2
MD,IN,PRP$,2
CC,VBD,NN,79
WP,DT,JJS,1
MD,VBG,NNS,1
WRB,IN,NN,14
NNS,RBS,RB,1
WRB,JJ,MD,3
NN,NN,EX,8
VBZ,EX,IN,1
PRP$,IN,VBZ,2
VBD,WRB,VBP,1
VBP,JJ,PRP$,9
NN,VBP,RP,1
VBN,JJ,NN,44
WDT,CD,JJ,1
PRP$,VBG,TO,1
WRB,NN,IN,15
PRP,JJ,WP,2
PRP$,NN,CD,4
CC,DT,NNP,11
CD,RB,JJ,4
PRP$,VBD,DT,3
PRP,VBP,WRB,16
WDT,IN,IN,5
VBD,RB,RB,35
NNS,VBG,WDT,4
TO,PRP$,PRP$,2
WP,VBD,VBD,1
IN,RB,MD,4
JJ,CC,VBG,14
RB,PRP$,DT,1
VBD,CC,VBP,1
WRB,VBP,IN,1
RB,NNS,VBD,4
WP$,NNS,VBD,2
NN,WP,NN,28
VBP,VBP,DT,5
NN,JJS,RB,3
TO,NN,NN,26
RB,DT,VBD,1
WP,VBP,MD,1
VBP,RP,PRP$,2
WDT,VBD,JJ,5
VBN,NN,CC,42
DT,CC,VBP,1
IN,PRP,WDT,1
IN,PRP,JJR,8
VBD,NN,WP,1
VBD,WP$,JJ,1
DT,MD,CC,1
PRP,TO,NNS,2
CC,PRP,VBZ,15
WRB,CD,JJ,2
VBN,EX,VBD,1
VBD,PRP$,RB,3
DT,DT,PRP,9
VBD,JJ,RB,6
VBG,IN,VBG,2
VBN,DT,DT,4
JJS,NN,PRP,5
VBP,IN,CD,2
JJ,RB,VBG,1
CD,WP,VBD,2
CC,WRB,DT,27
JJ,WP,VBZ,2
CC,VBP,DT,50
IN,NNP,JJ,10
VB,VBZ,DT,1
NN,RBS,JJ,2
CC,IN,WP,4
PRP,EX,VBZ,1
NN,NNS,JJ,26
VB,NNS,CC,8
NN,WRB,DT,72
RBR,MD,VB,7
NNS,VBN,IN,39
NNS,WP,JJ,2
JJR,DT,NNS,2
NNS,RB,JJR,2
JJ,VBZ,TO,1
VBP,CC,VBZ,1
JJ,VBN,TO,3
VBP,VBZ,RB,7
NNS,VBG,CC,5
PRP,RB,RB,61
VBP,JJ,NN,135
VBG,IN,NNS,19
PRP,IN,PRP,47
NN,VBZ,WDT,3
MD,VB,VBN,109
VBD,TO,CC,1
WRB,NNS,VBP,40
VBD,VBG,VBN,2
JJ,WDT,PRP,1
IN,IN,CD,6
VBD,RP,DT,2
NNS,CC,EX,1
VB,JJS,NNS,1
JJ,PRP,VBD,31
VBD,CC,VBG,5
VBP,DT,VBG,17
NN,PRP$,VBN,14
EX,IN,WDT,1
RB,MD,RB,8
VBG,VBG,NNS,1
IN,NNS,VBG,27
EX,DT,NN,11
VBZ,VBZ,PRP,2
PRP,TO,JJ,1
DT,JJS,MD,2
RB,PRP,WP,3
DT,VBN,RB,5
NN,NNP,NN,1
NN,VBP,VBG,4
WRB,PRP$,NNS,9
RB,VBG,DT,9
RB,NNS,JJ,1
JJR,JJ,PRP,1
JJ,EX,MD,2
IN,JJS,JJ,11
CC,DT,VBD,3
DT,IN,JJS,1
NNS,CD,JJR,2
CD,JJ,JJ,6
NN,NN,WP$,21
JJS,IN,PRP,1
RB,MD,TO,1
CC,MD,PRP$,7
NN,JJR,IN,6
VBZ,RB,RBR,3
JJS,JJ,NNS,2
RB,CC,JJR,2
NN,JJ,WDT,1
RB,VBD,DT,37
IN,CC,MD,1
JJR,VBP,NNS,1
EX,IN,NNS,1
CC,CD,WDT,1
RB,RBS,JJ,1
TO,DT,NN,302
VBD,RB,IN,43
VBN,PRP,VBG,1
JJ,JJS,NNS,1
RB,VBZ,JJR,3
CC,VB,PRP,35
IN,CD,DT,6
RB,VBN,TO,16
DT,NN,JJS,11
NNS,JJ,WRB,1
WP,PDT,NNS,1
CC,RB,VB,31
NN,VBP,RB,22
IN,DT,PRP$,64
VBD,WP,RB,1
IN,EX,VBP,1
PRP$,CC,VBG,1
VBD,JJR,IN,3
VBG,WP,-NONE-,1
VBP,PRP,VBN,20
CD,VBD,MD,1
RBS,NN,IN,1
TO,VB,RP,13
-NONE-,VBP,VBN,1
VBG,DT,NN,92
WDT,TO,NNS,1
-NONE-,VBP,DT,1
RB,VBP,EX,1
TO,VBD,VBZ,1
CC,VBN,RP,2
NN,WP,PRP,11
VBP,DT,MD,1
WDT,JJ,NN,13
RB,VB,JJR,2
RB,TO,VB,122
IN,NNS,VBN,45
MD,VB,NNS,26
PRP,WP,JJ,4
RB,VBP,WDT,1
PRP,IN,JJS,7
RB,DT,VBG,3
WDT,CD,NNS,1
VBG,DT,JJ,49
TO,VBP,CC,1
IN,CD,WP$,3
VBZ,WRB,JJ,3
WP,NNS,NNS,1
RB,IN,CD,10
MD,JJ,DT,2
RB,CD,VBZ,2
NN,VBG,RP,4
WRB,PRP,PRP,1
VBP,VBN,MD,1
NN,WRB,NNS,14
PRP,VBP,NNS,32
CC,PRP,VB,5
VBD,IN,VBZ,2
VBD,DT,IN,2
NNS,RB,IN,68
NNS,CC,PRP$,18
EX,WRB,DT,2
NNS,CC,JJS,3
DT,RB,VBN,20
VB,DT,NN,307
WDT,-NONE-,VBZ,2
PRP,DT,NN,90
JJR,NNS,VBP,4
NNS,JJ,TO,4
CD,CC,DT,2
PRP,VBD,JJR,4
WP,VBG,NN,2
CC,JJ,NN,243
JJ,RB,MD,3
IN,VBD,RB,4
VBD,VBN,PRP$,12
PRP$,IN,VBG,1
VBP,NNS,JJ,2
EX,IN,JJS,1
RB,JJR,NNS,3
VBG,VBP,RB,2
DT,JJ,TO,13
VBD,PRP,RB,78
RB,VBG,WRB,3
MD,VB,NN,137
CC,IN,EX,1
NN,VBD,JJS,2
IN,JJS,PRP,2
CC,NNS,MD,6
WP,VBD,NN,1
MD,RB,IN,6
NN,CC,VBP,14
NNS,VBD,NN,39
NN,PRP,WP$,4
WP$,NNS,JJ,1
VBD,VBZ,NN,6
NN,RB,WP,3
NN,VBN,TO,8
VBP,WP$,NNS,1
CC,WRB,CC,1
JJR,DT,JJ,10
CC,TO,VB,48
VB,PRP,RB,41
VBN,WP,RB,1
NN,WDT,RB,24
VBZ,NN,VBG,4
WDT,IN,CD,2
RB,VBG,VBZ,1
NNS,EX,VBP,2
JJ,NN,VBD,184
NNS,TO,WDT,1
NNS,VBN,VBG,2
TO,JJ,PRP$,2
WRB,DT,WP,1
RB,JJS,PRP,1
WP,RB,JJ,3
NNS,MD,DT,1
PRP,VBD,-NONE-,3
IN,JJS,VBG,1
PRP,VBZ,WP$,1
NN,NNS,WP$,6
CC,MD,IN,6
VBN,WRB,VBZ,1
IN,PRP,VBP,335
MD,VB,RBR,4
WRB,NN,RBR,1
DT,RB,VBG,13
RBR,PRP,VBZ,2
IN,MD,PRP,2
RB,MD,PRP,11
RB,RB,EX,1
NN,WDT,TO,4
NN,EX,MD,6
PRP,VBP,WP$,4
NN,VBP,TO,10
WP,VBP,TO,2
VBG,PRP$,JJ,12
VBP,WRB,RB,5
CC,NN,NNS,95
RB,VBZ,PRP,16
NNS,TO,NNS,11
VBZ,VBN,TO,12
NN,JJ,RB,5
WDT,VBP,PRP$,1
WP,NN,MD,9
NNS,WDT,JJS,1
RB,NN,NNS,11
RB,PRP,IN,8
WRB,PRP,CD,1
NNS,DT,PRP$,4
VBG,PRP,TO,4
NN,VBN,MD,3
VBG,NNS,PRP$,9
TO,NNS,NN,3
JJ,NNS,WDT,67
VB,MD,RB,3
JJ,DT,JJR,2
RBS,RB,JJ,1
RB,NNS,VBN,2
VBZ,PRP,VBD,8
RB,TO,NN,8
DT,WRB,DT,7
NN,-NONE-,VBZ,1
JJ,CC,PRP,7
VBD,JJS,NN,1
WP,NN,VBD,17
CC,VBP,VBZ,5
CC,NNP,NNS,1
VBZ,NN,VBN,12
VBP,VBP,VB,1
DT,JJR,IN,14
NN,NN,CD,8
DT,JJ,RBR,2
VBN,WP,IN,1
DT,DT,NNS,84
DT,DT,WP,3
JJ,NN,EX,11
PRP,RBR,JJ,1
NNS,VBN,VBN,1
JJS,PRP,WRB,1
WDT,VBD,RB,9
VBN,NN,VBP,2
NN,JJR,DT,1
IN,JJS,VBN,1
JJ,JJS,IN,2
NN,EX,VBD,2
IN,VBZ,VBG,1
CD,NN,WDT,6
EX,IN,IN,1
RB,IN,MD,3
JJ,IN,WP,3
CD,VBP,JJ,1
JJR,RB,IN,8
VB,IN,PRP,62
PRP,WRB,NN,3
WP$,NNS,MD,1
VB,JJ,PRP,7
EX,NN,IN,1
DT,WDT,PRP$,1
DT,VBD,CD,1
JJR,PRP,VBP,2
WDT,NN,IN,30
JJ,VBN,NN,55
JJ,VBD,NN,6
JJ,VBZ,NN,7
CC,CD,VBZ,1
WRB,VBP,PRP$,2
RB,VBD,VB,10
TO,PRP,PRP,11
TO,VBN,NN,2
IN,JJ,VBD,5
NNS,VB,NN,1
IN,PRP$,NN,1162
VBN,VBP,IN,4
VB,PRP,EX,2
VBG,JJ,VBD,1
NNS,PRP,MD,22
VBD,CD,JJ,3
VBN,VBN,-NONE-,1
VBP,VB,PRP$,2
NNS,IN,JJ,331
PRP$,DT,JJ,5
NNS,WDT,JJ,15
WDT,RB,IN,8
VBZ,VBG,RB,5
VB,PRP,RP,3
CC,VB,WRB,4
IN,DT,PRP,39
VBP,RP,PRP,2
PRP,RB,NN,7
VBG,TO,VBG,3
WP$,VBG,NN,2
VBP,PRP,WP$,3
CD,WP,JJ,1
CC,VBD,CC,27
PRP,WDT,RB,1
NN,VB,VBN,36
WP,-NONE-,RB,1
CC,JJ,IN,67
DT,RB,MD,3
DT,VBN,JJ,10
VBD,JJ,WP,2
DT,DT,PRP$,5
NN,VBP,CD,1
JJR,NNS,MD,6
IN,NNP,VBZ,2
PDT,JJ,TO,1
RB,RB,JJ,52
TO,CD,IN,3
VBZ,NN,WRB,2
WRB,CD,VBN,1
VBZ,RB,TO,8
WP,VBP,VBG,1
VBP,WRB,NNS,3
NN,IN,CD,38
JJS,PRP,JJ,1
RB,WDT,PRP,3
-NONE-,VBD,NNS,1
CC,VB,RP,8
VBZ,JJ,CC,24
VBG,IN,CC,4
VBN,VBP,JJ,2
JJS,CC,TO,1
NNS,DT,JJS,9
IN,CD,NN,48
WP,VBD,IN,5
VBZ,VBD,RB,1
JJ,CC,PRP$,6
TO,JJR,RB,1
RBR,JJ,VBZ,1
CD,IN,PRP,6
VB,VB,NNS,1
CD,VBN,VBN,1
VBZ,VBD,VB,1
WP,IN,JJ,9
NNS,WP,VBD,7
JJ,VBP,MD,1
IN,JJS,MD,1
RB,VBG,PRP,7
NN,NNS,-NONE-,1
MD,PRP,VBP,24
CC,PRP,WP$,3
WDT,VBG,VBZ,1
PRP,CC,DT,19
VBP,VBD,PRP,1
JJ,VBZ,EX,1
NN,IN,WP$,14
DT,JJR,NN,42
PRP,VBN,RB,1
WDT,TO,DT,4
-NONE-,RB,RB,2
WDT,TO,PRP,1
IN,NN,VBN,66
IN,CC,PRP,7
RB,VBD,WRB,1
RB,VBP,WRB,8
VBZ,RBS,RB,1
VBZ,EX,VBP,1
WRB,VBN,VBP,1
JJR,MD,PRP,1
VBN,IN,CD,6
DT,WRB,VBP,1
NNS,IN,JJR,10
RB,VBN,JJ,9
RB,WRB,VBP,1
RB,-NONE-,NN,2
VB,PRP,MD,11
TO,PRP$,JJ,18
TO,JJR,NN,3
PRP$,VBN,WRB,1
VBZ,IN,NN,87
NNS,VBG,WRB,1
CC,WP,IN,4
WDT,VB,DT,1
TO,PRP$,PRP,1
NN,VBD,EX,4
PRP,VBP,VBZ,4
PRP,VBD,WP$,1
CC,WP,NNS,2
VBD,PDT,DT,1
CC,PRP,MD,45
JJS,VBP,RB,3
VBN,TO,VB,80
WDT,NNS,WP,1
VBP,NN,NNS,18
VBD,JJ,TO,14
RB,VBP,RP,1
VBP,JJS,NN,1
IN,PRP$,MD,6
IN,NNS,JJ,35
VBD,MD,VB,15
WRB,CC,JJ,1
NNS,NNS,RB,6
VBN,WRB,VBG,1
DT,NNS,JJS,1
PRP,RB,MD,30
RB,VB,PRP,43
JJ,VBG,WRB,1
CC,VB,RBR,1
PRP,WDT,VBZ,2
VBN,RB,WRB,5
VBN,IN,PRP,41
NN,WP$,JJ,9
RB,WP,MD,2
VBG,JJ,NN,21
RB,WP,VBN,1
IN,NNS,PRP$,24
VBP,CC,VBG,7
WDT,IN,MD,1
VBP,RB,WP,6
CC,CD,VBD,1
CC,RB,EX,3
IN,CD,MD,4
WDT,VBD,PRP,5
IN,VBN,TO,7
NN,VBP,PRP$,7
JJ,CC,NNS,16
NNS,WRB,TO,1
IN,DT,NNP,40
VBG,NN,PRP$,14
DT,WP$,NNS,2
JJ,VBG,PRP,1
WP,RB,VBD,8
WP,VBG,RB,1
CD,PRP$,NNS,1
NNS,PRP,VBD,52
EX,CC,VBD,1
RBR,JJ,TO,1
WDT,DT,DT,5
VBN,DT,JJS,1
NNS,CC,NNS,273
WRB,JJ,CC,10
JJS,NNS,VBD,3
JJ,RBR,JJ,3
PRP,RB,WP,3
VBN,NNS,WDT,2
VBP,DT,DT,9
VBD,VBN,VBN,12
JJR,JJ,RB,1
MD,PRP,PRP,1
DT,CD,VBP,1
VBN,RB,DT,7
VBP,WDT,DT,1
CD,NN,VBN,1
VB,VB,RB,5
WRB,VBP,RB,2
NNP,IN,NN,2
VBD,VBZ,RB,2
VB,CC,NN,41
VBP,CD,RB,1
JJR,RB,CC,4
RP,VBN,RB,1
VBD,DT,PRP,1
MD,RB,RB,11
NNS,IN,NNS,163
WRB,JJS,PRP,2
VBP,TO,RB,3
WDT,VBD,RP,2
VBG,VBD,DT,3
PRP,VB,TO,5
NN,JJ,PRP$,2
IN,TO,IN,1
DT,WRB,CC,3
IN,PRP,RB,71
RB,VBD,PRP,45
WDT,PRP,CD,1
RB,VBN,VB,1
VBN,TO,JJ,11
RB,WRB,PRP,18
CC,NNS,RP,1
VBZ,JJS,VBN,1
NN,EX,NN,7
NNS,VBG,VBN,4
PRP,IN,IN,29
PRP$,VBN,JJ,6
VBZ,PRP,WP,2
CC,RB,WP,2
VBG,RB,JJ,8
PRP$,CC,JJ,1
IN,NN,VBP,36
VBD,VBG,CC,1
VBN,VBG,JJ,1
DT,VBD,DT,14
RB,VBD,VBN,18
DT,JJS,RB,5
CD,WDT,NN,1
JJR,PRP,JJR,1
RB,CD,IN,5
DT,JJ,IN,128
PRP$,PRP$,VBN,1
PRP$,NN,VBP,17
IN,IN,CC,2
WRB,NNS,RB,4
CD,VBG,WP,1
CC,JJS,PRP$,1
RB,RP,PRP$,1
NN,PRP,JJS,1
CC,IN,NNP,5
WRB,JJ,VBN,4
VBD,TO,DT,25
RB,VBD,VBG,2
WRB,JJ,IN,10
NN,DT,CC,2
WRB,JJ,WRB,7
CC,JJ,VBZ,5
CC,NNS,VBN,2
NN,VBZ,RB,88
EX,PRP,VBZ,2
NN,VBN,IN,60
JJ,DT,IN,1
VBD,VBN,VBG,1
JJR,CC,CD,1
RB,CC,TO,1
PRP$,IN,PRP$,7
WP,PRP,VBZ,12
RB,VBG,CC,2
VBZ,PRP,WRB,1
VBZ,RP,IN,3
PRP,IN,VBD,8
WRB,NN,VBD,14
VBG,NNS,NNS,7
VBD,-NONE-,NNS,1
CC,RB,WRB,6
WRB,DT,TO,1
-NONE-,VBN,TO,1
IN,VBN,-NONE-,1
PRP,IN,PDT,2
CC,PRP,VBG,1
-NONE-,VBZ,TO,1
WDT,VBZ,DT,28
VBP,RBR,JJ,1
JJ,EX,VBZ,2
VB,VBN,IN,54
VBN,DT,JJ,32
VB,VBZ,RB,2
CC,RB,JJ,68
VBD,JJ,MD,1
JJ,RB,VBZ,8
VBN,PRP,MD,6
VBZ,VBN,JJ,13
JJS,NNS,-NONE-,1
VBP,RB,RBR,7
DT,NNS,PRP,42
RP,CC,DT,1
IN,RB,VBD,19
NNS,JJR,TO,1
RBR,RB,IN,1
NN,IN,IN,162
WDT,DT,NNS,7
IN,CD,VBD,1
NNS,VBN,PRP$,4
RB,EX,VBZ,1
PRP$,RB,VBN,3
VBG,NN,WP$,2
VBZ,RB,RB,34
NNS,JJ,EX,1
CC,RBR,JJ,4
NN,NNS,VBG,44
MD,VBG,RB,1
IN,VBD,VBG,1
VBZ,VBN,CD,1
VBP,CC,JJ,26
RBR,NN,NN,1
VB,WRB,PRP,10
JJ,MD,VBZ,1
CC,NNS,VBG,15
CC,VBN,DT,13
VBZ,NNS,NNS,2
RB,MD,DT,9
IN,MD,DT,2
VBZ,NN,JJ,3
WRB,JJ,RB,5
RP,VBG,NNS,1
VBD,IN,IN,27
WP$,NNS,VBP,9
NN,CC,NN,912
RP,DT,VBG,1
JJ,NNS,NNS,24
NNS,MD,PRP,4
NNS,WP,RB,9
JJ,VBG,RB,1
DT,CC,VBD,1
VBN,VBP,RB,4
VBD,NN,WP$,1
NNP,VBZ,PRP,1
VBZ,JJS,NN,2
NNP,JJS,VBZ,1
JJR,CC,PRP$,1
IN,WP$,RB,2
DT,NN,CD,5
CC,PRP,DT,10
WRB,DT,VBG,2
JJR,JJ,JJ,2
WP$,RB,NN,1
NN,WP,VBD,6
JJS,RB,VBP,2
-NONE-,JJS,NNS,1
CC,JJ,MD,1
VBP,VBN,VB,1
VBG,RP,CD,1
VBD,RB,NN,12
JJR,NN,IN,20
MD,PRP,RB,13
RBS,IN,DT,1
WP,VBD,MD,1
IN,JJ,JJS,1
NN,WRB,VBZ,5
RBS,NNS,JJR,1
VBP,PRP$,JJS,1
WRB,VBP,PRP,16
JJS,JJS,IN,1
PRP,CD,VBP,4
JJ,NN,JJS,1
JJ,MD,NNS,4
VBZ,VBN,JJR,1
NNS,VB,MD,1
CD,VBG,NN,13
VBP,IN,JJS,4
TO,CC,VB,9
WDT,VBP,PRP,3
VBD,DT,NNS,52
VB,DT,VBP,1
VB,WP,JJ,2
VBP,RB,NNS,11
PRP,PRP,VBZ,10
WP,RB,PRP$,3
VBG,WP,NN,1
WP,VB,PRP,1
CC,EX,RB,1
WRB,NNS,VBD,6
JJ,CC,VBN,6
WRB,IN,CC,1
CC,NNS,VBP,101
DT,NNS,RB,45
IN,VBN,VB,2
CD,CC,PRP,1
DT,NN,WP$,13
NNS,WDT,VB,9
NNS,WDT,-NONE-,1
EX,DT,JJ,3
VBN,VBG,NNS,1
WDT,VBP,NN,2
PRP,VBG,WP$,1
NNS,RB,WDT,1
PRP,VBG,PRP$,2
PRP,VB,WP,2
VBP,JJR,CC,2
RB,CC,PRP,11
RB,VB,WP,1
VB,RB,JJS,2
NN,NN,-NONE-,1
WP$,NN,-NONE-,1
VBD,VBG,JJ,5
NN,DT,PRP$,16
PRP,MD,TO,1
VBN,PRP,PRP$,3
VB,VBN,NNS,7
CC,DT,RB,11
VB,PRP,IN,67
NNS,DT,VBD,1
TO,PRP$,TO,1
RB,CD,VBG,1
NN,JJ,IN,36
VBP,RB,DT,24
VBZ,NNS,WRB,1
VB,DT,JJS,4
VBD,IN,NNP,3
CC,RB,VBG,19
NNS,PRP,WP,2
VB,PRP$,TO,2
PRP$,JJ,CC,14
VBG,IN,NN,67
WP,VBZ,DT,17
VBD,NN,JJ,3
WDT,DT,WP,2
CC,RB,RP,4
VBP,RP,DT,6
VBP,JJS,RB,2
VBD,NNS,RB,7
VBN,IN,NNS,51
PDT,NNS,VBP,2
IN,CD,VBZ,1
CD,DT,NNS,3
RB,EX,VBD,2
IN,PDT,PRP$,1
JJ,VBP,VBN,7
VBZ,NNS,RB,3
VBD,VBZ,TO,2
WRB,JJ,NNS,47
NN,EX,VBP,1
RB,NN,TO,9
NN,TO,WDT,6
JJR,VBG,VBZ,1
TO,NNS,VB,7
NNS,VBP,IN,184
VBP,PRP,VBZ,17
EX,VBP,NN,1
PRP,VBD,MD,4
RB,RBR,TO,1
DT,RBR,JJ,16
PRP,CD,NN,5
WP$,RB,IN,1
JJ,JJ,VBP,1
JJS,CC,NN,2
NNS,VBN,CC,6
VBN,RB,WP,1
WP,NN,TO,4
PRP$,NNS,TO,31
VBG,VBD,IN,1
VBZ,NN,CC,35
JJS,CD,CC,1
IN,JJS,CC,4
RB,NNS,TO,5
IN,NNS,VBZ,4
NNS,WP$,RB,1
TO,NNS,RB,3
EX,MD,VB,26
TO,DT,VBP,1
CD,NN,CC,8
VBD,DT,JJR,1
IN,VBG,TO,2
VBG,NN,VBZ,10
VB,CC,DT,6
NN,TO,NNS,14
IN,DT,JJR,18
DT,WP,VB,1
VB,VB,PRP$,2
-NONE-,JJ,NN,3
CC,VBG,NNS,35
MD,PRP$,NNS,12
WDT,DT,JJ,6
VBG,VBG,JJ,1
NNS,RP,IN,1
MD,VB,RP,4
VBP,VBZ,NN,1
WP,DT,VBG,1
JJ,MD,RB,4
DT,DT,DT,11
NNP,RB,VBG,1
CC,VBN,CC,6
NNS,VBG,IN,59
NNS,IN,WRB,4
WP$,JJ,JJ,2
PRP,VBP,WP,11
JJR,VBN,TO,1
EX,VBP,NNS,3
NN,CD,RB,2
RP,VBN,NN,1
NN,VBZ,JJS,3
IN,JJS,NNS,18
CC,EX,NNS,1
VBN,-NONE-,MD,1
DT,JJS,VBP,2
TO,JJ,DT,14
VBD,VBP,DT,2
NNS,VBN,NNS,5
VBP,CC,VBD,1
IN,VBN,IN,23
JJ,PRP$,NNS,23
IN,PRP,IN,116
RB,VBZ,IN,49
NN,NNS,VBZ,17
PRP$,NN,CC,173
RB,VB,RBS,1
PRP,WP$,NNS,4
PRP,NN,VBD,7
RB,VBP,PRP$,12
PRP$,JJ,DT,3
VBN,IN,DT,180
WRB,RB,VBN,3
RB,VBD,CD,4
JJ,RBR,CC,1
JJ,RB,PRP,7
RP,RB,TO,1
VBN,PRP,IN,24
VBD,DT,CD,1
JJ,IN,NNS,46
PRP,CC,VBG,2
CC,VBN,MD,3
TO,VBG,IN,1
RB,VBG,VBN,5
VBN,NN,CD,2
JJ,VBD,VBN,12
-NONE-,NN,NNS,1
WDT,JJ,CC,1
NN,CC,PRP,69
VBD,NNS,WP$,1
CC,WRB,IN,8
WP,DT,VBN,1
VB,PRP$,NNS,46
WRB,PRP,PRP$,2
JJ,VBD,RBR,1
VBP,PRP,PRP,4
WDT,RB,DT,3
WRB,NN,CC,16
VBD,JJ,DT,12
IN,MD,TO,2
PRP$,VBP,VBN,1
TO,WDT,JJ,2
VBN,DT,RB,8
IN,NN,JJ,75
CC,RB,RB,42
WP,VBZ,VBZ,2
JJR,WRB,NNS,1
EX,VBZ,JJ,3
IN,NN,CC,576
MD,IN,NNS,2
PRP,VBP,PRP$,90
VBN,IN,PRP$,71
VBN,CD,WP,1
VB,JJ,WRB,1
VBP,RBR,VBN,1
RP,CC,NN,5
PRP,NNP,PRP,1
CD,CC,IN,1
VBG,IN,WRB,2
WRB,TO,VB,10
VB,RP,PRP$,2
WP,VB,IN,2
NN,CC,MD,18
WP,IN,DT,26
JJS,JJ,RB,4
RP,NNS,TO,1
CD,VBD,DT,1
NN,VBG,VBN,2
NN,PRP,IN,85
TO,VBP,IN,2
DT,VBP,VBP,1
VB,VBG,IN,5
MD,VB,VBG,9
IN,CD,CC,3
NN,VBD,VBP,1
CC,PRP,IN,27
NN,VBZ,WRB,9
VBG,WDT,NN,4
RB,PRP,JJ,2
DT,VBG,DT,1
VBZ,MD,CD,1
NNS,TO,DT,50
VBP,VBG,DT,3
VBG,TO,CC,1
CD,WP$,VBN,1
VBP,WDT,NNS,1
NN,-NONE-,VBN,1
NNS,CD,DT,1
VBZ,JJ,JJR,1
VBD,VBG,RB,1
WRB,VBP,VBZ,3
DT,WDT,NNS,1
RB,VBG,VBG,2
VBN,NN,RP,1
RBR,CC,IN,1
VBG,PRP,NN,3
EX,MD,PRP,1
NN,MD,CC,3
DT,NN,DT,279
IN,NN,WP,18
MD,VB,RB,88
NN,VBZ,MD,6
EX,IN,PRP$,3
CC,RB,VBZ,18
VBG,PRP,VBP,11
VBN,DT,VBZ,2
JJ,WP,IN,3
NN,VBG,VBG,2
JJ,IN,NN,234
JJR,NNS,VBN,1
IN,JJS,NN,24
NN,RP,TO,2
DT,WP,MD,4
VBN,VBD,CC,1
IN,CD,IN,14
CC,WP,TO,2
PRP,NN,VBP,3
VB,VBP,DT,1
-NONE-,IN,PRP,1
DT,PRP$,IN,1
DT,RBR,VBN,1
VBN,VBN,RP,1
MD,TO,DT,4
NNS,PRP,VB,1
PRP,VBD,WP,9
VB,WRB,JJ,8
VBN,NN,PRP,22
WDT,NNS,PRP$,1
VBN,-NONE-,JJS,2
JJ,WP$,NN,2
JJS,NN,WRB,1
RB,VBN,-NONE-,3
RB,CC,RB,47
TO,WP,VBD,1
PRP$,CC,VBN,1
JJ,NNS,VBD,65
IN,JJ,VBP,6
WDT,CD,VBZ,1
NN,JJ,VBZ,1
JJ,CC,VBP,4
VBN,CC,TO,4
DT,NN,PRP$,49
VBZ,IN,JJS,1
IN,DT,RBR,7
PRP,VBZ,IN,108
JJ,VBN,VBD,3
NN,IN,PRP,291
WP,DT,DT,1
NN,NNS,CC,163
VBP,NNS,VBD,3
VBP,DT,CC,4
IN,VBN,CC,10
NNP,RB,JJ,1
RB,PRP$,JJS,1
VBD,PRP$,JJS,3
WDT,VBN,NN,5
VBZ,TO,JJR,2
NNS,VBP,WDT,3
VBN,VBG,WRB,1
VBZ,JJ,PRP,2
-NONE-,JJ,NNS,1
VBN,TO,NNP,2
MD,DT,NNP,1
JJ,JJ,PRP,3
RB,RB,CC,22
VBG,NNS,DT,16
VBD,RB,VBN,41
VBN,RP,CD,1
VBN,WP,NNS,1
CC,RB,RBS,1
JJ,DT,VBN,3
VBP,VBN,RB,37
JJ,NNS,IN,330
NNS,IN,CD,15
RBR,PRP,VBD,2
IN,DT,VBP,6
IN,IN,NNP,4
NN,JJS,VBG,1
VBN,CD,NN,3
JJ,VBZ,VBG,2
VBN,RP,RB,2
VBN,RB,VBZ,3
IN,JJ,VB,1
CC,VB,NN,24
VB,RBR,CC,1
RBS,JJ,CC,2
NNS,CC,WP,2
IN,VBD,IN,3
CC,VBP,NN,20
NN,DT,VBN,35
VBP,VBD,DT,4
CC,VBZ,NN,14
NN,WP$,VBG,3
IN,RB,TO,10
DT,VBP,VBN,11
VBP,WP,RB,4
DT,JJS,JJR,1
DT,PRP,VBD,19
RB,CC,JJ,28
VBP,WP$,JJ,1
RB,NN,IN,55
DT,VBG,VBZ,1
NN,PRP,VB,22
VBD,PRP,PRP$,2
-NONE-,MD,IN,1
VBP,VB,PRP,4
VBP,WDT,TO,1
NN,DT,CD,5
NNS,CD,JJ,2
JJR,NN,DT,5
IN,WRB,JJ,10
PRP,WP,DT,4
MD,VB,WRB,7
PRP,DT,VBN,3
CD,PRP$,CD,1
RBR,VB,RB,1
CC,NN,DT,103
VBP,WRB,PRP$,2
RB,VBZ,CD,2
VBN,JJ,RB,3
MD,IN,MD,1
RP,CC,VBG,2
NNS,CC,DT,65
PRP,RB,VBG,10
WP,JJR,MD,1
NNS,VBZ,VB,1
RB,VBD,IN,45
VBG,RP,JJ,1
JJ,MD,IN,1
VBP,IN,IN,21
-NONE-,NNS,TO,1
VB,IN,NNP,3
WP$,RB,VB,1
JJR,JJ,VBN,1
DT,PRP,CD,1
CC,IN,WRB,1
VB,DT,WP,1
NNP,NN,NNS,8
PRP,CC,MD,6
CC,JJS,NN,5
PRP$,JJ,VBD,1
NN,MD,VBZ,2
WP,VBN,NN,5
PRP,RB,WDT,1
IN,JJR,JJ,8
JJS,IN,JJ,2
VB,VBP,JJ,2
DT,VBG,VBD,3
IN,VBG,PRP,7
RB,VBG,NN,41
NN,PRP,NN,31
NN,DT,VBG,8
IN,VBG,DT,6
RB,JJ,VBD,2
CC,NNS,-NONE-,3
VBN,RP,PRP$,1
RB,VB,MD,1
RB,VB,VBP,3
RB,VBN,RP,4
DT,VBN,VBN,4
NN,VBZ,NNS,18
NNP,VBP,MD,1
WRB,RB,DT,20
WP,RB,VBP,23
CD,NNS,IN,16
VB,RBR,JJ,4
NNS,PRP,VBP,145
IN,JJR,NN,21
JJ,PRP,TO,2
JJ,VBD,JJ,9
NN,RP,IN,6
CC,VBZ,RBS,1
WP,JJ,NNS,12
PRP,RB,RBR,3
VBG,NNS,WP,3
VBZ,VB,DT,1
TO,DT,JJ,79
VB,IN,WRB,1
VBD,RB,-NONE-,1
MD,DT,JJ,3
WRB,IN,IN,1
VBZ,JJ,WP$,1
-NONE-,NNS,IN,1
WDT,VBD,VBZ,3
PRP$,IN,DT,9
PRP,JJR,RB,4
PRP$,JJS,VBZ,1
PRP,RB,VBN,4
CD,VBP,WP,1
IN,IN,PRP,60
DT,VBN,PRP,4
EX,VBD,DT,18
JJ,VBP,TO,1
NN,VBG,WP,2
JJR,IN,CC,2
JJS,VBN,RB,1
VBD,RB,VBP,2
IN,VBZ,VBN,4
DT,WP,VBP,7
VBZ,VBG,NNS,4
NNS,WDT,NN,115
JJ,RB,JJR,1
WDT,IN,DT,25
VBP,NN,PRP,10
DT,TO,VB,18
CC,IN,RB,14
VBZ,CC,VB,4
VBZ,RB,VB,12
WDT,NNS,VBP,13
CC,NNP,DT,1
WDT,JJ,DT,5
EX,VBZ,CC,2
WDT,VBZ,TO,6
WDT,CC,JJ,1
NN,PRP$,JJS,2
NN,CC,TO,21
JJ,IN,PRP$,87
IN,NNS,NNS,22
VBP,TO,VB,100
VBN,NNS,VBZ,2
VBZ,RB,NN,15
VB,PRP,VBN,1
NNS,CC,NN,91
IN,TO,NN,9
RB,PRP,WRB,1
PRP$,IN,PRP,3
PRP$,CC,VBD,2
DT,DT,CC,1
WDT,PRP,IN,5
NN,RB,TO,33
WP,IN,NN,8
VBZ,NN,-NONE-,1
VB,VBP,TO,1
PRP$,NN,VBD,128
IN,JJR,TO,5
NNS,RBR,RB,2
WRB,VBD,JJ,4
WRB,EX,VBD,1
VBP,VBN,EX,2
CC,JJ,VBN,7
RB,TO,WP,2
VBZ,JJR,JJ,3
PRP$,VBZ,JJ,1
VBD,NN,VBN,10
VBZ,VBD,VBN,1
NN,VBD,WRB,8
VBP,PRP$,RB,6
CC,VB,VBG,2
VBN,WP,VBG,1
IN,PDT,DT,2
DT,NNS,WDT,99
DT,VBG,CC,2
DT,JJ,CD,5
VB,RP,JJ,4
VBN,CD,NNS,1
VBD,VBD,VBN,4
WRB,VBN,NN,5
IN,NN,PRP,128
DT,NNS,VB,6
CC,VBG,DT,14
VBD,DT,TO,1
NNS,WDT,TO,1
WRB,NN,VBP,4
NNS,VBP,VBZ,7
VBP,PRP,PRP$,7
VBZ,JJ,NNS,5
JJS,VBD,IN,2
VB,CC,VBG,6
MD,WRB,RB,1
VBN,-NONE-,VBZ,3
VBZ,DT,PRP,5
JJ,VBG,VBN,3
PRP,WRB,PRP,12
JJR,CC,IN,1
CC,DT,WDT,6
RP,JJ,TO,1
CC,DT,MD,5
JJ,PRP,DT,8
VBD,NNS,VBP,27
JJR,NNS,CC,4
CC,JJR,WRB,1
RB,WP,VBP,2
NN,RB,VBD,49
IN,RB,VBP,16
NN,RBR,RB,1
DT,DT,WDT,3
RB,CC,VBD,5
NN,WRB,JJ,33
NNS,CD,NNS,3
WDT,JJ,WRB,2
DT,CC,IN,3
WDT,JJS,JJ,1
JJ,CC,WP,3
CC,NNS,VB,5
JJS,WRB,IN,1
IN,NN,VBG,59
VBN,CC,IN,5
NN,CC,CD,11
WRB,RB,VBZ,5
PRP$,IN,NNS,1
VB,IN,RB,19
VBD,VBN,NNS,14
RP,NNS,IN,3
RBR,WP,VBZ,1
VB,WP,VBN,1
VBP,VBN,TO,25
PRP$,CD,JJ,2
PRP$,NNS,WDT,10
NN,VBG,MD,2
CC,JJ,RB,9
VBG,NNS,NN,16
VBN,WRB,PRP,3
DT,RB,JJS,3
WP,JJR,IN,4
VBD,CC,CD,2
VBN,RBR,VB,1
DT,NNP,IN,3
DT,JJR,MD,3
IN,PDT,NNS,2
JJ,DT,DT,5
VBN,IN,VBG,1
EX,DT,VBN,1
NN,WRB,PRP$,16
PRP,IN,WDT,2
RB,VBN,NN,30
NNS,NNS,VBP,30
RB,VBD,NN,16
IN,RB,VB,10
VB,PRP,PRP,8
CC,PRP$,JJ,27
VBN,NNS,MD,7
WDT,MD,DT,1
VBN,CC,NNP,1
NN,WP$,RB,2
CC,VBD,VBP,2
VBN,WRB,NN,3
WP,NNS,VBG,1
PRP$,NNS,MD,23
EX,VBN,IN,1
NN,VBD,VBN,150
VBP,PRP,DT,16
MD,VB,PRP$,71
IN,VB,RB,1
NNS,JJR,DT,1
RB,NN,DT,12
DT,IN,NN,38
PRP$,JJS,CC,1
VBP,VBZ,IN,4
VB,PRP,NN,8
CC,PRP$,PRP$,3
NN,VBZ,NNP,1
JJ,RB,NN,13
WP,DT,MD,2
NN,MD,VBG,2
NN,DT,NNS,131
WRB,VBP,NNS,3
RBS,VBG,NN,1
VBP,RP,RB,4
VBZ,CC,RB,9
VB,JJ,JJ,14
RB,WP,VBG,1
VBD,NN,PRP,17
DT,NN,WDT,93
NNS,VBZ,JJ,5
VBN,JJ,TO,5
VBD,PRP,WP,2
VBD,NN,WRB,7
WP,-NONE-,VBP,1
DT,CC,DT,8
VBZ,IN,TO,3
PRP,JJS,DT,1
JJ,CC,RB,52
IN,VBN,MD,1
DT,PRP,IN,7
WDT,VBD,PRP$,6
VB,NN,PRP$,5
TO,JJ,VBN,1
VBP,VB,TO,1
DT,RBR,PRP,7
CC,IN,PRP,70
NN,IN,JJR,10
IN,PRP,WP$,3
VBP,RB,PRP$,11
IN,JJS,EX,1
JJ,TO,JJ,18
DT,NNP,NNS,5
IN,JJ,CD,2
JJS,NN,CC,9
JJ,NNS,WP$,4
VBZ,IN,WP,1
RB,WRB,CC,1
VB,IN,PDT,1
NNS,TO,JJ,7
CC,VBP,RB,12
TO,NN,IN,37
IN,PRP$,JJS,3
IN,EX,NN,1
TO,JJ,IN,6
PRP$,JJ,WP,1
PRP$,VBN,VBG,2
VBN,NNS,WP$,2
JJ,VBD,CC,2
VBN,NNS,PRP$,5
VBG,VBN,WRB,1
NNS,VBP,VBD,6
MD,RB,RBR,8
VBZ,NNS,JJ,2
NN,NN,RB,220
DT,NNS,IN,456
VBD,IN,JJS,4
JJS,NNS,WDT,4
NNS,CC,WP$,1
VBN,VBZ,RB,1
VBP,TO,NN,17
PDT,NN,NN,1
VBG,NNS,MD,3
RB,PRP,PRP,1
VB,WP,DT,1
NNS,TO,PRP$,21
PRP$,NNP,NN,1
VB,CC,IN,8
IN,PRP$,TO,2
TO,PRP$,RB,2
PRP$,RB,VBG,3
VBD,VBN,RB,15
NNS,WDT,VBD,27
PRP,RP,IN,2
VBP,VBG,JJS,1
MD,VB,WP,2
RB,VBD,MD,2
VB,EX,CC,1
IN,WDT,TO,5
RB,CC,VBZ,1
CD,VBD,NNS,1
VBP,MD,VB,28
VBN,NN,MD,9
JJ,CC,NN,121
CC,DT,IN,25
VB,DT,NNP,4
PDT,NNS,VBD,1
VBZ,NNS,PRP$,2
PRP$,MD,VB,3
VBP,IN,RB,20
NNS,NNS,PRP,4
NN,JJR,VBG,1
EX,VBP,DT,3
PRP$,NNS,NN,42
VBZ,IN,JJ,47
NNS,VBP,WP$,1
IN,JJS,PRP$,4
PRP$,VBG,NNS,1
VBG,NNS,WRB,3
RB,PRP$,JJ,20
PRP,MD,CC,4
VBZ,JJ,NN,71
PRP,TO,DT,16
-NONE-,VBP,MD,2
VB,VBZ,VBG,1
JJ,VBN,CC,5
NN,PRP,RB,95
VBP,VBP,RB,6
VBN,WP,VBZ,1
NN,VBN,VBD,1
DT,WDT,VBZ,5
IN,NNS,WP$,5
VBP,JJR,PRP$,1
JJR,RB,JJR,1
VBZ,VBG,PRP,1
JJ,TO,VB,89
PRP$,VBN,VBN,3
VBG,NN,NNS,39
PRP,VBZ,CC,24
NN,NN,VBN,16
VBD,WRB,PRP,3
VBP,RP,NNS,2
NNS,VBZ,VBP,2
VBD,CC,IN,11
NNS,RB,CC,11
DT,PRP,DT,1
JJR,IN,VBN,2
VBZ,CC,RBR,1
VBG,WRB,PRP,3
RB,NN,VBZ,7
WP,VBP,IN,6
VBN,NNS,WP,4
VBG,NNS,VBG,2
NNS,TO,PRP,5
MD,VB,JJR,1
CC,NN,IN,239
VBN,NNS,NNS,4
CD,CC,JJR,1
VBP,NNS,VBG,5
VB,VBD,VBN,2
TO,JJ,NN,34
VBD,VBP,NN,3
NN,TO,CC,1
VBD,VBD,NN,2
NN,WP,IN,13
NN,VBP,DT,24
VBG,RB,VBG,1
VBP,VBD,RB,2
RB,PRP,JJR,1
NNS,CC,MD,4
RB,VBD,EX,1
NN,JJR,VBN,2
VBP,NN,TO,15
NNS,IN,WDT,12
PRP,VBG,CC,1
NNS,VBD,MD,1
WRB,PRP,VBD,53
TO,PRP,MD,3
NN,NNS,VBN,8
CC,NNS,NN,5
CC,PRP,RP,1
VBZ,VBD,IN,1
VBP,VBP,JJ,2
VBN,EX,IN,1
VBZ,CC,PRP,2
NN,VBZ,CD,2
VBN,TO,RB,2
JJS,VBZ,JJ,1
NNS,JJ,NNS,30
WDT,WRB,PRP,3
PRP,VBZ,TO,23
NNP,JJ,NN,15
RB,JJR,DT,3
NN,CC,WP,7
PDT,NN,VBD,1
NN,NN,VBG,111
CC,NN,WP$,1
VB,JJ,NNS,28
NNS,VBZ,VBG,1
VBG,NN,DT,37
RB,RB,VBN,38
WDT,VBP,VBN,6
WRB,NNS,PRP,3
VBP,DT,JJR,4
JJ,CD,IN,1
RB,IN,WRB,7
PRP$,JJ,TO,3
VBD,WDT,NNS,1
CD,NNS,DT,2
RBR,RB,RB,1
CC,TO,PRP,2
WP$,RB,VBG,1
DT,NN,CC,409
VBD,TO,VB,120
VBP,PRP$,VBG,3
WDT,DT,JJR,1
VBP,PRP,JJR,8
WDT,RB,PRP,4
RBR,JJ,CC,5
CD,VBD,NN,6
PRP,VBP,VBN,160
NN,RBR,VBZ,1
JJS,CC,VB,1
DT,WDT,PRP,4
PRP$,CC,IN,1
JJ,WRB,NN,7
JJ,VBP,DT,7
NN,NN,WRB,56
NNS,NN,WRB,1
PRP,VB,WRB,2
DT,VBP,CC,3
NNS,VBZ,PRP,2
WRB,VBP,MD,1
VBD,DT,VBZ,1
PRP$,RP,VBN,1
VBN,WRB,DT,1
NNP,VBD,JJS,1
WDT,VBG,NN,3
CD,NNS,WDT,3
NNS,CC,VBZ,21
PRP,VB,JJ,21
TO,PRP$,IN,5
NN,VBP,NNS,8
VBD,WP,NNS,4
JJR,VBG,JJ,1
VBG,TO,JJ,3
VB,PRP,DT,15
IN,IN,JJR,3
IN,TO,DT,28
NN,PRP,CD,1
NNS,JJR,NN,3
TO,JJR,PRP,2
WRB,VBP,VBN,2
VB,DT,TO,2
NNS,VBZ,VBN,11
VB,JJ,VBN,3
PRP,CC,NN,10
RB,RB,VBG,15
VBN,PRP,JJR,3
WDT,VBP,JJ,1
WP,VBN,TO,2
VBP,IN,NNP,5
VBD,NNS,JJ,8
PRP$,JJ,JJS,1
CC,VBD,VBG,3
CC,VBZ,VBN,8
CD,MD,VB,8
VBP,PRP$,VBN,3
JJ,DT,WRB,1
VBP,VBD,NNS,2
IN,EX,VBZ,3
CC,RB,VBN,19
RP,NN,PRP,1
DT,NN,RBR,9
VBN,DT,VBN,5
PRP,IN,CD,2
DT,RB,NNS,3
VBZ,PRP,DT,5
RBR,VBN,IN,1
DT,JJR,WP,1
NN,VBD,CC,84
PRP,VBP,RBR,2
WP,VBP,VBD,1
CC,VBG,CC,4
NN,EX,IN,2
RB,IN,JJS,9
CC,NN,PRP$,46
RB,NN,CC,26
DT,VBZ,PRP,8
WDT,RB,VBZ,13
IN,VBP,NN,1
PRP,VBP,RB,273
VB,IN,WP,6
VB,PRP$,JJ,24
CC,WP,VBZ,2
DT,MD,PRP$,1
VBD,NN,RBR,1
VBG,PRP,MD,5
WRB,PRP,VBZ,25
VBP,RB,TO,12
RBS,JJ,IN,2
NN,-NONE-,NN,4
CC,TO,VBN,1
NN,CC,EX,3
CC,PRP,RB,11
RB,WP,RB,4
CD,NN,IN,36
NN,TO,PRP$,60
TO,JJ,CC,7
IN,JJ,TO,37
VBZ,CC,JJR,2
PRP$,NNS,VBD,65
CC,VBG,JJ,9
WDT,VBZ,WP,1
VBN,CC,NN,45
VBD,VBG,NN,5
TO,CD,NN,5
PRP$,JJ,WDT,1
VBP,CD,WP,1
JJR,IN,NNS,6
VBZ,JJR,WRB,1
CC,VBN,-NONE-,1
JJS,CC,JJ,2
VBG,VBG,WP,1
NNS,VBD,VBN,58
VBP,JJ,MD,2
IN,IN,IN,22
EX,VBP,JJ,2
TO,PRP,VBD,4
VBN,IN,CC,2
PRP,DT,MD,2
VBN,RB,NNS,1
TO,NNS,MD,3
VBZ,DT,JJR,7
PRP,JJ,RB,2
NN,JJS,VBN,1
VBG,NNS,VBZ,2
PRP,VB,PRP,21
NN,VBG,VBP,1
RB,IN,RB,28
IN,NN,DT,190
TO,PRP,VBP,3
NN,IN,VBP,1
RB,DT,WP,1
NN,NN,NN,1474
PRP$,VBG,VBZ,1
VBZ,RB,MD,2
NN,WP,MD,12
PRP,WDT,JJ,1
NN,VBN,WP,1
NN,VBD,WP,8
RBR,NN,CC,2
PRP,VBN,JJ,4
WP,NNS,PRP$,8
WDT,MD,PRP$,1
VBZ,PRP,CC,8
CC,NN,CD,4
VBD,NN,CC,42
RB,VBZ,VBN,29
EX,CC,RB,1
CD,WDT,IN,2
PRP$,NN,RP,5
TO,NN,VBD,3
PRP,WP,NN,9
VBN,RB,NN,3
JJ,NN,WRB,36
RB,WP$,JJ,1
PRP,VBG,WP,1
NNS,VBP,MD,4
VBN,RP,IN,18
WP,NN,RB,11
CD,NN,JJR,3
WRB,PRP,NN,1
PRP,VBG,NNS,3
RP,RB,IN,3
CC,VBP,VBD,2
PRP,PRP,VB,1
NNS,IN,PRP$,207
NN,TO,WP,1
RBR,DT,NN,3
VBD,WP,VBZ,1
VB,NN,VBG,4
TO,RB,NN,1
VBP,CC,TO,1
NNP,NN,PRP$,2
IN,CC,VBD,5
CC,NNS,WDT,20
JJS,RB,IN,1
WDT,MD,PRP,3
VBD,DT,PRP$,5
CC,VBD,JJ,24
NNS,RB,VBN,31
VBG,VBN,CC,3
VBD,NN,MD,8
NN,MD,DT,9
VBZ,TO,PRP$,1
VBG,PRP$,VBN,1
RB,IN,IN,42
VBP,JJR,DT,1
WP,NNS,PRP,9
TO,JJR,IN,5
PRP,VBP,RP,21
IN,JJR,DT,1
NNS,EX,MD,1
JJ,CC,JJS,4
WP,IN,PRP$,10
IN,RB,JJR,3
WP,NNS,DT,17
CC,DT,TO,4
TO,DT,PRP$,3
NNS,JJ,WP,1
RB,JJ,VBP,3
IN,RB,WP,2
PRP,CC,NNS,3
EX,VBG,PRP,1
NNS,RB,MD,6
NNS,VBN,WDT,1
CC,VB,CC,25
CC,VBN,PRP$,4
DT,VBG,IN,15
RB,NN,PRP$,6
IN,WP,NNS,7
CC,PRP$,VBN,4
WP$,JJ,RB,1
MD,CC,NNS,1
RBR,JJ,NN,14
IN,PRP,MD,84
JJ,WDT,NN,2
IN,DT,MD,14
TO,WP,PRP,2
PRP,JJ,NNS,8
RP,IN,CD,1
VBN,VBN,PRP,2
WRB,DT,RB,2
RP,TO,DT,2
JJ,JJ,IN,34
JJ,VBN,IN,22
IN,NNP,NNS,6
PRP,RB,VBZ,19
PRP,IN,RB,17
CD,NNS,VBN,1
JJ,WP$,NNS,1
CC,WP,PRP$,1
WRB,IN,PRP,4
IN,VBZ,VBZ,1
MD,DT,RBR,1
IN,PRP$,IN,13
CC,VBZ,RB,8
NNS,RB,VBG,8
WDT,VBP,CC,3
WDT,JJ,VBZ,3
VBP,JJS,IN,1
IN,PRP$,VBZ,1
NNS,WP,VBP,8
WP,DT,NNS,4
CC,JJR,IN,14
JJ,DT,PRP,1
RP,CC,WRB,1
WDT,NN,VBP,9
NN,JJ,MD,4
PRP$,EX,PRP$,1
PRP,RB,WRB,5
PRP$,NNS,NNS,16
VBN,VBZ,PRP$,2
VB,PRP,VBZ,16
VBZ,IN,VBG,4
DT,WP,PRP,3
IN,NNS,DT,80
PRP,NN,MD,2
VBD,CC,JJS,1
VBD,PRP,VBP,72
VBZ,NNS,PRP,2
WP,MD,PRP,5
VBZ,MD,VB,12
WDT,IN,RB,1
VB,RBS,RB,1
DT,IN,CC,1
VB,NNS,IN,17
VBD,PDT,IN,1
NNP,NNS,RB,1
DT,JJ,PRP,15
TO,DT,TO,3
VBG,JJ,DT,4
VB,NNS,PRP,3
VB,RB,IN,28
IN,VBZ,RB,7
DT,JJR,VBN,3
NN,VBZ,VBP,6
VBG,VBZ,DT,2
WP,TO,VB,8
WP$,NNS,TO,1
WP,NNS,CC,5
PRP,DT,VBP,5
VBD,NN,VBZ,6
CC,JJS,JJ,6
VBG,RB,PRP$,4
RB,WRB,IN,3
VB,VB,DT,4
NNS,VBP,VB,12
TO,NNS,PRP,7
VBZ,CD,JJ,2
WDT,VBZ,CC,1
JJR,DT,TO,2
IN,WP,NN,13
PRP,NN,JJ,2
VBD,RB,VBG,4
VBD,JJ,IN,41
DT,JJ,RP,1
PRP,PRP,MD,10
VBN,VBN,DT,2
NN,CD,WDT,1
PRP,WRB,TO,3
VBN,-NONE-,VBN,1
TO,WRB,DT,1
VBG,DT,NNS,30
WP,NN,PRP,8
VB,RBR,NN,2
JJS,NNS,RB,1
PRP$,JJ,VBZ,2
TO,PRP,TO,1
PRP,WP,NNS,13
PRP,CC,RB,17
NNS,DT,WP,1
DT,PRP$,VBG,1
VB,NNS,WRB,3
VB,VBP,PRP,2
VBN,VBN,IN,9
VBG,PRP,VB,1
JJS,VBP,IN,1
WRB,NN,PRP,15
DT,VB,TO,1
PRP,PRP,WP$,1
NN,WP$,VBN,3
CC,NN,WRB,7
VBZ,VBZ,NN,2
VBP,EX,MD,1
WP,MD,PRP$,1
VBD,RB,JJ,34
IN,WDT,-NONE-,1
RP,PRP,RB,1
RB,VBN,JJR,1
WP,VBG,TO,1
NN,RB,JJS,5
RB,VBZ,TO,6
JJ,VBG,IN,1
NN,JJ,DT,12
VBP,VBN,WRB,2
VBP,IN,WDT,1
VBN,VBG,PRP$,1
DT,VBZ,TO,5
PRP,VB,VBZ,1
DT,NNS,VBD,76
EX,NNS,IN,1
IN,DT,JJ,1233
VBG,CC,VBD,4
PRP,DT,VBG,3
NNS,WDT,PRP,22
CC,PRP,NN,4
TO,JJ,JJS,1
VBG,RBS,DT,1
MD,JJ,NNS,1
VBN,VBN,RBR,1
NN,NNS,EX,2
VB,NN,VBZ,3
CC,NN,RB,62
NNS,NNS,VBD,4
-NONE-,NN,CC,1
JJR,VBP,PRP$,1
IN,RB,WDT,2
DT,CD,VBN,1
PRP,RB,DT,22
RBR,IN,NN,8
NNS,VBD,CC,25
NNS,CC,RB,38
CC,MD,NNS,1
PRP,VBG,MD,2
RP,NNS,RB,1
TO,PRP,CC,8
VBP,NN,DT,19
NN,DT,PRP,10
IN,VBN,VBZ,1
NN,CC,RB,110
EX,IN,DT,3
NNS,CD,NN,2
TO,WRB,IN,2
WRB,NNS,PRP$,4
NN,TO,MD,1
VBD,CC,RB,20
WDT,RB,MD,9
VBG,CC,NNS,2
VBP,WRB,VBD,1
PRP,VBD,PRP$,59
VBZ,WP,NN,2
DT,IN,WDT,1
VBP,JJS,VB,1
PRP,VBG,VBD,2
DT,RB,IN,15
DT,RBS,NN,1
CC,VBP,JJ,22
WP,VBP,RB,6
JJ,IN,JJS,2
PRP,JJ,NN,22
RB,VBN,CD,1
WRB,RB,RBR,2
VBP,VBP,VBN,4
WRB,MD,PRP,19
VBN,PRP,VBZ,8
NN,JJR,CC,1
DT,JJR,PRP$,1
RB,NNS,PRP$,4
DT,VBN,VBG,6
MD,NN,NN,1
VBP,VBN,PRP,29
VB,CD,RB,1
RB,VBP,NNS,17
VBG,IN,PRP$,78
RB,MD,CD,1
WP,NN,IN,26
DT,JJR,VBP,2
VBP,PRP$,MD,2
RP,WP,JJ,1
WP,VBG,JJ,1
JJ,VB,JJ,1
CC,CC,VB,2
VBZ,NN,VBP,2
VBN,IN,MD,3
VBD,VBN,JJ,16
PRP,WRB,RB,6
JJ,VBP,PRP$,1
EX,VBZ,PRP,2
IN,WDT,PRP,17
DT,NN,VBN,78
CC,VBP,VB,1
DT,JJ,MD,7
PRP$,CD,NNS,5
WRB,VBZ,NN,1
WRB,VBD,NN,1
JJ,VBN,JJS,1
WP,NNS,VBZ,5
NN,EX,VBZ,10
JJ,NNS,DT,81
RP,RB,PRP,1
TO,PRP,WDT,1
CD,CD,NNS,2
NN,RP,DT,1
CC,JJS,NNS,8
VBD,VBZ,JJ,3
WP,VBD,VBP,2
PRP,WP$,MD,1
RBR,DT,RB,1
VBG,RB,CC,4
WDT,VBZ,VBZ,4
WRB,PRP,WP$,1
VBN,IN,WRB,1
CC,DT,RBR,2
DT,RBR,TO,3
VBN,VBN,TO,4
VBZ,JJR,CC,2
NN,MD,NN,4
PRP,MD,PRP$,3
VB,PRP,VBG,7
JJ,WRB,MD,1
PRP$,PRP,VBP,1
VBD,-NONE-,VBG,1
EX,RB,RB,2
VBP,CC,CD,3
TO,DT,JJS,5
JJ,JJ,VBN,3
PRP$,RB,VBP,3
NN,DT,JJ,252
VBP,JJ,JJ,17
VB,TO,VB,84
NN,VBN,CC,4
IN,PRP,VB,13
WDT,PRP$,NN,14
TO,IN,NN,1
VB,DT,JJ,94
VB,CC,RB,16
VB,TO,NNP,1
DT,NNS,RBR,1
WRB,DT,IN,2
TO,PRP,IN,27
WP,VBZ,WP,2
CC,VBG,MD,1
TO,NN,RB,10
NN,RB,JJ,162
VBD,NN,VBG,3
PRP$,IN,RB,1
CC,VB,VBN,9
VBN,WP,VBN,1
JJS,IN,JJS,1
CC,VB,DT,53
DT,JJ,CC,75
PRP$,DT,NN,8
RB,WRB,MD,1
VBD,PRP,JJ,10
DT,NN,VBG,90
DT,VBD,WP$,1
NN,NN,VBZ,195
VBG,JJ,TO,3
VBD,JJ,NN,103
JJ,NN,CC,241
IN,NNP,VBD,2
VBZ,TO,NN,5
PRP,JJS,CD,1
VBN,NN,-NONE-,1
IN,IN,DT,254
RP,NN,IN,5
PRP,VBP,JJR,9
EX,IN,PRP,1
VB,CC,VBN,4
RB,VBP,VBD,2
PRP,JJ,VBD,2
JJ,DT,CC,1
TO,VBN,RB,1
VBD,VBG,PRP$,1
RB,IN,VBD,2
VBG,WRB,NN,3
TO,DT,WP,3
VBG,VBN,VBZ,1
IN,WP,VBD,2
IN,CD,WDT,2
DT,VBP,IN,5
JJ,VBG,NNS,2
VBD,CD,NNS,3
PRP,NN,VB,3
NNS,PRP,JJR,1
CC,NN,VBZ,31
IN,VBD,TO,1
VBN,RP,PRP,3
JJ,WRB,NNS,1
JJ,JJ,VBG,1
CC,VBN,TO,12
WP,VBZ,JJ,2
PRP$,DT,NNS,3
DT,RB,CC,6
VBP,DT,CD,1
CC,VBZ,IN,15
DT,DT,RBR,1
CC,WRB,VBP,2
RB,WRB,DT,23
VBN,NNS,CC,27
VB,PDT,NNS,1
VBP,CC,PRP,6
VBD,DT,VBG,1
NN,NN,VB,34
WRB,NN,MD,3
VB,IN,VBN,7
RB,PRP,VBG,2
VBD,DT,NNP,4
RB,JJ,CD,1
DT,JJR,CC,1
PRP$,NNS,CC,68
VBZ,WDT,PRP,2
WP,VBZ,PRP$,2
VBZ,PRP,TO,3
-NONE-,NNS,VBP,2
PRP,VB,MD,1
VBN,IN,VBN,4
DT,WDT,IN,2
RB,NNS,CC,6
WDT,IN,NN,15
VB,VBZ,NN,1
TO,PRP$,NN,133
VBD,VBP,IN,4
NN,WRB,PRP,62
RB,VBZ,VBG,3
VBZ,WRB,NN,3
WRB,VBP,JJ,6
CC,WRB,NN,14
PRP$,MD,PRP,1
PRP$,IN,WP$,1
WRB,RB,RB,3
DT,NNS,NNS,10
NN,VBD,VBG,15
TO,VBN,CC,2
PRP,VBD,PDT,4
RB,RB,VBZ,26
VBZ,WDT,NN,1
CC,VBP,NNS,7
VB,RB,VB,27
NNS,RBS,JJ,3
VBZ,WP$,NN,1
IN,TO,JJ,5
PRP,VBZ,NN,16
VBP,RB,MD,1
WDT,VBN,VBP,1
PRP,VBD,NN,55
PRP,IN,TO,6
NNS,WDT,VBZ,5
VB,CC,WRB,2
RB,VBZ,WDT,1
IN,WP$,JJ,9
VB,CC,NNS,10
VBN,RB,CC,5
VBG,IN,JJR,4
WDT,VBD,DT,8
JJS,PRP,VBZ,1
PRP,WP,JJR,1
RP,RB,RB,1
VBZ,PRP$,MD,1
NNS,VBD,WP,2
WDT,NNS,DT,7
CC,WP,VBG,2
JJS,NNS,NN,2
VB,PRP,WRB,5
NNS,CD,WDT,1
DT,TO,RB,1
CC,WRB,NNS,3
VBD,DT,VBN,12
MD,RB,VB,236
VBN,IN,RB,18
JJS,NNS,IN,8
VBP,NN,VBZ,1
IN,NN,WRB,41
JJ,IN,IN,17
IN,VBN,NN,89
TO,JJ,NNS,24
VBD,RB,TO,10
IN,WP$,NN,12
VBZ,TO,VBN,1
NN,VBN,VBZ,1
NN,RB,RBR,16
IN,PRP$,NNP,1
PRP$,VBG,RB,1
TO,VBN,NNS,1
JJ,CC,JJ,164
CC,JJ,PRP,6
TO,VB,MD,6
CC,WDT,RB,1
JJ,VBG,MD,1
PRP,VB,EX,1
DT,MD,VBZ,2
IN,PRP$,WP$,1
VBD,VBP,RB,2
DT,CD,CC,1
JJ,CC,CC,2
IN,CC,VB,6
RB,JJR,JJR,1
WDT,TO,VBZ,1
CC,IN,CD,7
NN,RB,NNS,6
VBN,PRP,DT,5
MD,RB,VBG,3
JJR,IN,DT,41
NN,TO,DT,125
VB,PRP,WP,7
NN,VBD,NNS,83
VBD,TO,JJR,2
CC,NNS,RB,22
PRP,EX,CC,1
RB,VBD,RP,2
VBZ,VBD,PRP,1
DT,MD,TO,1
JJR,NN,WRB,1
VBD,PRP,NN,29
PRP$,WP,IN,2
VBG,TO,PRP,2
WP,VBZ,JJS,1
VB,TO,DT,4
NN,DT,JJR,6
CC,PRP,RBR,1
RBR,PRP$,NNS,1
CC,VBG,RB,19
EX,VBD,CD,2
DT,NN,IN,1960
WP$,VBG,NNS,5
JJ,DT,PRP$,3
DT,JJS,VBN,3
PRP,RB,PRP$,16
PRP,NNS,VBP,6
JJS,NNS,TO,2
VB,VBG,NN,3
DT,RB,RP,1
NNS,NN,JJ,7
VBD,PRP$,IN,2
WRB,DT,PRP$,5
IN,WDT,JJ,4
PRP,VBZ,MD,4
NN,VBG,IN,105
VB,PRP,VB,63
VB,VBN,RP,8
VBP,NNS,CC,10
PRP$,IN,MD,1
JJR,RB,DT,3
NNS,PRP,TO,9
VBD,RB,VBZ,2
WP,RB,TO,2
JJR,NN,MD,1
RP,CD,VBG,1
NNS,NN,RBR,2
NN,NN,IN,1035
EX,PRP,VBD,3
PRP,VBD,VBN,81
NN,VBZ,TO,31
PRP$,NNS,VBP,180
CD,NNS,CC,2
VBN,CC,VBD,20
JJR,NN,JJ,1
VBD,NNS,TO,3
PRP,IN,VBZ,2
VBD,PRP$,NN,141
NN,PRP$,IN,5
PRP,VB,NNS,4
IN,NN,JJS,3
VB,VBN,WP,2
PRP,VBZ,WP,5
PRP,JJS,VBZ,1
PRP$,NN,NN,790
NNS,JJR,CC,2
JJS,NN,PRP$,2
JJ,TO,DT,41
WP,DT,VBP,1
VBG,NNS,VBN,2
VB,RP,CC,3
CC,CD,WP$,1
IN,DT,CD,13
VBP,NN,MD,6
CD,VBN,JJ,1
MD,JJR,IN,1
VBP,NNS,PRP,4
IN,MD,NNS,1
NN,IN,VBD,10
RB,CC,RBR,1
CC,PRP$,NN,79
IN,NNS,RBS,2
WP,VBD,TO,2
VBG,RB,VBN,5
DT,VBZ,RB,9
DT,JJS,VBG,3
RP,IN,NN,17
NN,NN,PRP,206
NN,NN,DT,329
IN,VB,DT,1
NN,VBN,NN,62
NNS,WP$,NN,13
NN,VBD,NN,242
DT,NNP,VBD,3
NNS,JJR,RB,1
JJR,IN,NN,19
VBD,RB,MD,2
RB,VBP,MD,4
TO,PRP,DT,22
RB,TO,RB,1
JJ,PRP$,PRP,1
WP,JJ,VBD,1
RB,RP,NN,1
PRP$,JJ,PRP$,5
PRP,VBD,VBG,12
PRP$,NN,WDT,23
CC,JJ,CD,1
WDT,NNS,RB,3
VBG,JJ,PRP$,2
PRP,RB,JJR,6
TO,RBR,VBG,1
NN,VBG,NN,154
PRP$,IN,JJ,4
CD,VBG,NNS,3
VBP,VBG,NNS,10
PRP,VBZ,JJ,34
IN,EX,PRP,2
RB,JJR,RB,5
VB,PRP$,JJS,2
NNS,NN,MD,7
NN,RP,NN,2
VBP,RBR,NN,2
RBR,JJ,VBP,1
JJS,NNS,CC,2
NNS,EX,JJ,1
VBZ,JJS,JJ,2
VB,VB,PRP,4
CC,PRP,VBP,105
RB,NN,RBR,1
PRP$,VBD,NNS,1
RB,VBZ,VB,3
NN,JJS,NNS,2
MD,NNS,JJ,1
VBZ,CC,IN,6
NNS,JJ,VBD,1
RB,VBD,RB,20
NNS,VBP,CD,2
VBP,NN,PRP$,5
VBZ,IN,CC,5
DT,VBP,NN,1
NNS,RB,VBZ,12
VBD,PRP,VB,12
VBD,WRB,IN,5
JJ,NNS,CC,128
CD,JJR,JJ,6
PRP,VBZ,PRP$,24
WP$,NNS,RB,2
WDT,JJR,DT,1
CC,VBG,RP,6
CC,VB,PRP$,23
NN,WDT,VBD,25
CC,NN,RBR,1
PRP,CC,VB,20
RB,DT,JJS,8
PRP$,JJR,NN,2
CD,NN,PRP$,4
VBG,VBN,VBD,1
TO,VB,PDT,3
PRP$,NNS,JJ,13
WP,IN,JJS,1
JJ,PRP,JJ,1
WP,PRP,DT,1
VBP,TO,DT,15
RB,TO,VBN,1
TO,VB,JJ,100
VBG,NN,VB,1
VBN,WRB,PRP$,1
VBD,DT,RBR,6
NNS,CC,IN,67
VBZ,DT,JJ,80
PRP,PRP,VBD,24
CC,NN,EX,2
CD,JJ,IN,3
NNS,NNS,JJ,1
RB,VBP,RBR,1
-NONE-,JJS,JJ,1
JJ,NN,TO,116
NNS,VBP,RB,106
RB,RB,JJS,2
RB,JJ,TO,27
NNS,NN,WDT,1
TO,NNP,NN,9
NNP,VBZ,WRB,1
IN,TO,WRB,1
VB,DT,MD,2
RB,JJ,EX,1
VBP,VBD,JJ,2
IN,JJ,EX,2
PRP$,VBZ,DT,1
PRP$,DT,JJS,1
JJ,VBP,PRP,2
WP,VBG,VBP,5
NNS,RBR,JJ,8
NNP,NNS,VBD,2
CC,VBZ,VBG,2
VB,JJ,WDT,1
VBZ,WP,MD,1
EX,DT,NNS,1
CD,RB,IN,1
JJ,PRP$,VBN,1
VBZ,JJ,EX,1
VBP,IN,CC,1
NNS,VBZ,WRB,1
PRP,IN,CC,5
RP,CC,JJ,2
NN,CC,WDT,1
VBN,PRP,VB,1
VBN,RB,RB,12
IN,PRP$,VBN,54
JJ,PRP,CC,2
NN,RB,CD,3
EX,TO,VB,1
PRP$,VBG,VBD,1
JJ,WRB,PRP,6
TO,VB,WP,16
VBG,IN,JJ,53
NNS,WRB,RB,10
RB,VBN,VBZ,4
VBZ,RBR,JJ,5
VB,NN,PRP,7
VBN,JJ,WP,1
WP,NNS,IN,22
IN,PRP,DT,57
DT,VB,RB,1
VBD,PRP,VBD,29
VB,DT,VBG,4
IN,VBN,DT,9
NN,VB,NN,9
CD,IN,NNS,2
VBD,WP,PRP,3
JJR,MD,NNS,1
NNS,VBG,RP,6
NNP,NN,CC,6
IN,-NONE-,JJS,1
PRP,VB,VBG,1
NN,VBZ,EX,5
VBD,CC,VBD,24
IN,WDT,JJS,1
TO,VB,VB,4
VB,WDT,CC,1
VBD,RB,VB,29
TO,NNS,VBN,3
IN,NNS,VBD,16
WRB,VBD,MD,1
VBN,NNS,DT,16
VBP,PRP$,JJ,19
PRP$,NN,IN,307
VBD,NN,IN,91
CD,VBN,NNS,3
NNS,VBD,VBG,6
TO,VBD,DT,1
PRP,WP$,NN,7
WP,IN,NNP,3
CD,WP$,NN,3
VBD,VB,RB,3
TO,VBD,VBN,1
JJR,DT,JJR,3
NNS,WP$,VBG,2
DT,JJ,VBP,2
DT,EX,MD,1
WRB,RB,IN,2
VBD,IN,TO,4
RB,TO,PRP,7
VBD,TO,RB,2
EX,CC,PRP$,1
VBG,VBZ,VBN,1
RB,JJ,MD,2
NN,WP,DT,8
IN,JJ,MD,14
VBP,RB,VBG,8
VBP,VBP,NN,1
VB,IN,DT,88
VBZ,WRB,VBP,1
WDT,-NONE-,VBP,2
JJS,NNS,PRP$,3
NN,VB,NNS,3
WRB,CC,DT,1
RB,NN,EX,2
RB,JJR,PRP,3
VBG,NN,WP,1
JJS,NN,DT,2
DT,VBD,NNS,6
DT,NN,EX,9
JJ,EX,NN,1
NNS,WRB,IN,3
VBN,WRB,IN,2
NNP,NN,RB,2
NN,IN,NN,1827
CC,WP,PRP,9
PRP,VBG,JJ,6
MD,VB,VBZ,3
IN,WDT,RB,3
CC,NNS,IN,126
VBP,VBG,IN,27
TO,NN,VBZ,3
VB,VBN,DT,14
MD,IN,NN,16
TO,NN,TO,3
WP,DT,NN,28
VBZ,PRP,RB,34
NNS,VBP,RP,15
JJS,PRP$,NN,4
PRP,VB,VBN,8
DT,NNS,VBP,320
NN,VBZ,VBG,35
PRP,VB,DT,11
NN,IN,JJ,740
VBZ,VBN,VBD,1
NNS,DT,CC,3
VBP,CD,NN,6
WRB,VBD,PRP$,1
JJ,PRP$,JJ,14
PRP,VBZ,VBZ,2
NN,NN,TO,158
JJ,NN,VBN,25
DT,RBR,CC,3
IN,NNP,CC,1
WRB,JJ,PRP$,4
VBD,MD,IN,1
VBD,PDT,VBG,1
WP,RB,IN,13
VB,PRP,JJR,7
PRP,JJS,VBP,1
CD,JJR,NN,1
VBZ,DT,IN,6
VBN,JJ,JJ,4
CC,DT,VBP,3
NNS,PRP,PRP,1
WP,MD,CD,1
VBP,RB,VBN,45
NN,WP,JJS,1
VBZ,VBG,TO,4
WDT,CD,NN,3
VBD,DT,DT,7
VB,NNS,VB,10
CD,VBP,VBN,3
DT,NNP,WP,1
VBZ,VBN,MD,1
CC,NNS,PRP$,27
NN,VBP,VB,1
RB,IN,DT,328
WDT,RB,RB,7
DT,VBD,WRB,1
CC,JJ,RBR,2
VBG,RB,DT,8
VBZ,VBG,DT,1
NNP,JJ,NNS,2
VBN,-NONE-,IN,1
VBN,NNS,VBD,6
WP$,JJS,NN,1
IN,EX,VBD,2
DT,WDT,RB,2
WDT,EX,MD,1
PRP,IN,PRP$,76
CC,DT,JJR,1
NNS,VBP,JJS,4
IN,VBG,NNS,86
DT,JJ,JJ,108
VBN,PRP$,CC,1
WP,MD,DT,1
NNS,JJR,JJ,3
CD,WP,NN,2
VBD,WP,NN,4
PRP,JJ,JJ,3
PRP,VBZ,JJR,1
IN,VBP,DT,8
WRB,TO,PRP,1
PRP,VBD,TO,54
JJ,NNS,RBR,3
NN,VBZ,VBN,240
VBZ,PRP,IN,22
CC,VBN,NN,27
NNS,WDT,PRP$,8
VBZ,PRP,VBZ,11
CC,VBN,WDT,1
PRP,VBP,CC,100
WP,NN,VBN,2
VBZ,NN,VBD,1
WRB,VBD,DT,5
JJS,NN,NN,8
VBD,RP,JJ,2
CD,VBZ,TO,1
JJ,NN,VBG,66
IN,NN,IN,613
JJ,DT,VBG,2
PRP$,CC,VB,2
VBD,VB,RP,1
EX,JJ,NN,2
RB,VBN,PRP$,13
CD,NNS,VBG,2
CC,NNS,WP$,2
NNS,VBG,NN,43
NN,EX,DT,2
CC,JJ,CC,31
JJ,WP,VBD,2
JJ,JJR,JJ,1
NNS,WP,WRB,1
IN,NN,NN,901
NN,EX,VBN,2
JJ,PRP$,TO,1
WRB,VBN,PRP,2
IN,EX,IN,2
VBZ,JJ,TO,7
CC,NNP,RB,1
DT,DT,RB,7
NN,DT,RBR,24
PRP,DT,NNS,17
IN,VBG,NN,105
WDT,JJ,IN,2
PRP$,JJS,NNS,2
PRP$,RB,NNS,2
VB,JJR,IN,4
NNS,VBD,TO,20
JJ,TO,NNP,1
VBP,VBN,IN,87
CC,VBG,VBD,2
CC,IN,JJ,77
VBD,RP,NN,2
NNS,DT,WP$,1
NN,NNS,WP,16
CC,WRB,TO,2
IN,JJR,PRP,1
VBZ,IN,VBN,5
NNS,TO,NNP,1
CC,JJ,WDT,1
NN,NNS,JJR,2
PRP$,CC,VBP,1
VBG,CC,JJ,8
NNS,WP,MD,4
VBG,DT,PRP$,3
VBG,IN,JJS,1
DT,CC,TO,1
RB,RB,DT,55
EX,TO,DT,1
VBZ,VBN,NN,33
JJ,JJ,VBZ,3
CC,JJR,NN,12
DT,IN,CD,8
CD,NNS,PRP,1
MD,VB,DT,136
DT,RB,RBR,4
PRP,RB,PRP,17
CC,RB,PRP$,26
VBG,VBN,PRP$,1
VBG,CC,WRB,1
NNP,NNS,DT,2
VBP,VBN,NNS,13
DT,JJR,VBG,2
RBR,JJ,NNS,3
NNS,NN,PRP$,13
DT,VBZ,CC,9
NNS,WDT,DT,15
VBG,NN,JJ,4
CC,VB,VBZ,6
MD,RB,CD,1
IN,PDT,VBG,1
JJ,NN,VBP,27
VBZ,PRP,PRP,3
VBZ,TO,DT,9
NNP,NN,PRP,3
JJS,CC,JJS,4
VBZ,DT,TO,1
VBG,NNS,TO,8
VBG,IN,VBN,1
CD,NNS,MD,1
DT,NN,RB,200
RB,VBP,VBP,6
CC,TO,PRP$,6
IN,PRP,VBD,173
VBN,VBN,WRB,1
WP,VBN,DT,9
TO,DT,VB,1
IN,NNS,JJS,2
CC,RB,CD,3
NNS,JJS,JJ,2
NNS,WP,VBN,6
DT,PRP$,VBN,1
IN,WP,VBP,1
VBG,VBN,DT,5
VBD,CC,WP,1
NNS,VBG,NNS,7
DT,PRP,VBP,67
NNS,RB,WRB,1
NN,VBZ,JJ,135
TO,PRP,WP$,1
NN,NN,MD,82
PRP$,CD,CC,2
IN,VBG,IN,25
VBZ,RBR,RB,2
VBP,RP,VBG,2
VBN,PRP,VBD,8
VBD,VBG,WRB,1
NN,VBP,PRP,36
VBD,TO,NNS,2
WDT,IN,JJR,1
-NONE-,RB,VB,1
PRP,VBP,-NONE-,4
WRB,RB,JJ,16
DT,RBR,NN,4
JJS,VB,PRP,1
DT,RBS,JJ,3
NN,CD,DT,1
VB,NNS,RBR,1
WDT,VBZ,RB,16
VBP,NN,VBG,2
JJ,RB,PRP$,4
JJR,VBN,NNS,1
WRB,RB,VBG,1
VBN,RB,MD,2
MD,PRP$,JJ,2
WP$,VBN,NN,5
DT,DT,IN,3
WP,NN,NN,20
NN,VB,IN,9
WRB,PRP,IN,4
JJ,DT,RBR,3
VBZ,VB,JJ,1
NN,VBZ,VB,5
MD,NN,VB,3
VBG,NNS,VB,1
VBN,CD,IN,1
CC,EX,VBZ,3
JJS,VBN,IN,3
VBP,PRP,IN,76
CC,WRB,PRP,33
NN,JJ,JJ,9
IN,WRB,NNS,1
VBD,NN,TO,22
VBG,IN,CD,2
WDT,VBD,NN,5
NNS,RB,RB,27
NN,CC,IN,169
VBZ,RB,JJ,29
VBP,CC,PRP$,5
VBN,VBG,IN,10
IN,JJ,NN,1147
VBP,DT,PRP$,5
RB,CC,NNS,4
JJR,IN,IN,4
NNS,RBR,IN,1
PRP,JJR,JJ,7
VBG,WP$,DT,1
VBN,PRP$,VBN,3
WP,MD,IN,1
TO,DT,RB,7
VBZ,VBN,PRP,14
PRP,IN,DT,174
VBZ,RB,VBZ,5
RBS,JJ,NNS,1
VBP,RP,VBN,1
VBP,DT,RBR,16
CC,VBD,NNS,55
CD,RB,NN,2
RB,VBN,RB,19
PRP,VBZ,DT,94
TO,PRP$,NNS,23
MD,DT,VB,5
RB,NNS,PRP,3
CC,VBZ,PRP$,3
JJS,JJ,WRB,1
VBP,NN,VBN,6
NN,JJ,TO,8
JJR,VBZ,PRP$,1
JJR,NNS,PRP$,1
VBN,NN,IN,140
IN,PRP$,DT,7
RB,DT,NNP,1
RP,PRP,VBD,4
TO,CD,JJR,1
NN,IN,RB,100
VBZ,VBN,RP,5
VB,VBN,CC,11
WP$,NNS,DT,2
IN,NNS,RB,62
VBN,WP,DT,1
JJ,JJ,WRB,2
RB,PRP,RB,19
CC,NN,TO,31
RBR,DT,JJ,1
VBZ,VBG,NN,7
VBZ,VBP,MD,1
VB,NN,VB,12
IN,WP,JJ,11
JJS,VBN,RP,1
JJ,VBD,NNS,1
NN,RP,CC,2
RP,CD,JJ,1
RB,VBG,NNS,17
VBP,VBD,VBN,4
DT,VBZ,VBN,6
DT,NN,RP,10
JJS,VBZ,VBG,1
DT,VBZ,PRP$,3
WP,PRP,RB,5
RP,TO,NNS,1
IN,RB,NNS,21
JJR,PRP,IN,1
NN,NNS,RBR,3
VB,NNS,TO,4
JJS,JJS,NNS,1
WRB,IN,NNS,3
PRP,DT,RBR,7
JJS,IN,PRP$,2
JJ,VBZ,JJ,10
WDT,NN,MD,10
JJ,PRP,PRP$,1
VBN,NN,WDT,4
TO,IN,DT,2
MD,PRP,VBD,2
NN,DT,WP,7
PRP,MD,DT,6
WDT,VBG,VBN,1
VBD,NN,DT,27
VBG,MD,TO,1
JJ,NN,WP$,5
JJR,NN,VBZ,1
VBZ,VBG,JJ,3
MD,VBZ,JJ,4
VBZ,NN,PRP,9
VBN,MD,VB,10
RB,NN,NN,28
TO,RB,IN,2
IN,NN,VBZ,80
VBD,NNS,MD,2
TO,PRP,PRP$,8
IN,IN,VBZ,1
NNS,VBN,PRP,4
TO,VBD,IN,3
RB,IN,JJR,5
RB,RBR,VBZ,2
WDT,TO,NN,1
VB,WP,PDT,1
WDT,IN,PRP,3
VBD,WP,IN,2
NN,VBP,IN,24
VBP,TO,PRP$,4
PRP,VBP,IN,267
MD,WRB,NNS,1
VBG,PRP$,NNS,18
VBN,NN,TO,20
VBN,-NONE-,NN,4
PRP,CC,CD,1
WRB,JJ,VBD,4
DT,JJ,JJS,2
DT,CD,IN,3
CC,JJ,VBP,7
JJS,NNS,VBG,1
JJ,NNS,WP,13
DT,IN,NNS,7
CD,JJ,CC,1
NNP,NNS,VBG,1
PRP$,CD,NN,1
WP,NN,CC,7
NN,TO,JJR,2
NNS,VBN,DT,5
DT,NN,WRB,78
WP,VBD,JJ,2
CC,PRP,WP,13
RBR,CC,VB,3
JJR,TO,NN,1
PRP,IN,VBN,3
VBD,IN,WP,5
VBN,TO,NNS,5
CC,CD,DT,2
WDT,VBP,VBP,3
VBP,RBR,IN,2
DT,VBP,JJS,1
VBP,NNS,WP,1
VBP,VBZ,JJS,1
RB,DT,CD,2
NNS,DT,DT,14
VBD,CC,VBZ,1
WDT,JJS,VBP,1
DT,TO,NN,4
RB,CC,NN,20
WP,NNS,VBP,20
VBP,CD,IN,1
JJ,JJ,JJS,1
WP,VBZ,RB,7
VBD,-NONE-,RB,1
WP$,NN,VBD,4
PRP,DT,JJS,1
PRP$,RBS,JJ,4
IN,RB,VBN,24
VBZ,-NONE-,JJ,1
PRP$,IN,CC,1
WRB,TO,DT,3
IN,VBZ,JJS,1
VBN,IN,TO,3
VBZ,RB,DT,24
VBZ,DT,WRB,1
JJ,IN,DT,238
TO,NN,CC,14
VBZ,JJ,JJ,2
DT,MD,NNS,1
WRB,NN,RB,3
NNP,NN,VBD,6
NNS,-NONE-,NN,1
NN,WP,VBP,3
VBG,VBZ,VB,1
VB,NNS,WDT,4
RBR,VBZ,RB,1
VB,VBG,TO,1
RB,RB,NN,9
DT,NNP,VBP,1
VBD,JJ,VBN,6
TO,VB,VBN,66
TO,JJR,JJ,1
NN,VBD,PRP,86
VB,IN,VBG,4
JJ,IN,WRB,2
VBP,IN,WP,7
NNP,RBR,NN,1
NNS,CC,VBD,30
NNS,RB,PRP$,11
NN,VBN,WRB,1
VB,VB,VB,1
WP,PRP,IN,5
VBN,JJR,NN,1
DT,NN,TO,142
CC,NN,WDT,3
VBD,VBG,IN,14
VB,WDT,VBN,1
WRB,PRP,JJR,1
IN,RB,RB,26
VBG,IN,WP$,1
VBD,IN,JJ,108
VBZ,CC,NNS,25
VBZ,VBN,RB,29
CD,NNS,TO,3
JJ,MD,PRP,6
VBZ,EX,MD,1
CD,NN,VBZ,5
RBS,JJ,PRP,1
RB,VBN,PRP,10
PRP,IN,VBG,10
NN,CD,JJ,8
JJ,PRP,MD,16
NNS,IN,IN,55
JJ,NNS,PRP$,32
RB,VB,PRP$,20
CC,PRP,VBD,52
VB,DT,RB,7
NN,PRP$,NNS,99
VBD,PRP,IN,74
WDT,JJS,NNS,1
VBN,NN,WP$,1
CC,NN,NN,221
NNS,JJ,VBP,1
VBZ,PRP,JJR,3
VBP,VBN,JJ,17
PRP,CD,IN,2
WP,VBP,VBZ,1
VB,DT,CC,2
DT,VBG,RB,2
CC,WRB,JJ,15
VBZ,PRP$,NNS,7
CC,EX,IN,2
IN,PRP,EX,3
VBZ,CC,VBN,1
VBG,VBN,NN,3
MD,JJ,NN,1
TO,NNS,DT,6
IN,IN,VBG,4
VBP,CC,NNS,12
RB,VBN,VBG,1
TO,RB,VB,8
NN,VBG,NNS,46
VBN,IN,JJS,6
VBD,PRP$,NNS,31
IN,VBZ,PRP$,3
JJS,PRP,VBP,2
VBD,JJ,NNS,36
VBZ,VBN,CC,30
MD,RB,JJ,2
WRB,JJ,VBZ,9
PRP,PRP,VBP,33
DT,CD,TO,1
VBZ,DT,VBN,13
WP$,NNS,IN,3
CC,NNS,VBZ,1
WRB,RB,MD,2
VBZ,NN,MD,2
VBD,IN,EX,1
JJ,JJ,TO,5
IN,CD,NNS,10
NN,WDT,NN,43
JJS,VBN,WP$,1
VBD,IN,VBN,12
NN,CC,WP$,1
VBG,WRB,NNS,1
DT,NNS,MD,26
NN,PRP,VBP,384
IN,RB,WRB,3
JJ,IN,VBN,4
VBN,PRP$,TO,1
NN,WRB,NN,40
IN,JJ,DT,112
VBP,IN,PRP$,36
RB,VBP,JJ,25
DT,JJS,PRP,2
NNP,PRP,PRP,1
RB,JJ,DT,46
EX,VBZ,RB,1
MD,VB,PDT,3
NNS,VBZ,NNS,3
TO,DT,VBG,1
VBZ,IN,MD,1
VBP,JJ,VBZ,3
VBG,TO,VB,20
JJ,NNS,MD,30
RB,VBN,WRB,2
NNS,DT,VBZ,1
RB,VBZ,WRB,5
TO,NNS,PRP$,2
DT,IN,JJ,28
WDT,NN,TO,4
VBZ,JJ,MD,1
JJR,IN,RB,3
WRB,NN,NNS,28
WP,VBZ,CC,1
NNS,WDT,IN,40
VBZ,DT,RB,15
TO,PRP$,RP,1
RB,WRB,PRP$,5
VBP,WRB,NN,6
RB,VBG,WP,1
JJR,NN,VBG,2
VBD,DT,JJ,72
DT,CC,RB,5
VBP,RB,JJ,46
RB,VBN,VBN,5
VBD,JJR,RB,1
TO,VB,NN,110
VBN,MD,TO,2
VB,CC,WDT,1
WDT,VBN,DT,4
CD,NN,PRP,4
JJ,VBZ,PRP$,5
VBZ,WRB,IN,1
CC,CD,CC,1
VB,RBS,JJ,1
WDT,VBD,MD,1
WP$,RB,JJ,1
IN,VBN,WP,1
WRB,IN,CD,2
VBG,VBD,JJ,1
RB,VBZ,WP,2
RB,VBP,WP,2
CD,IN,CD,11
JJS,VBZ,NN,1
DT,WDT,VBD,2
VBD,IN,VBG,1
VBP,RP,TO,2
CD,NNS,CD,1
RB,RBS,RB,1
VBG,JJ,NNS,10
VB,VBN,JJ,11
IN,NNS,VBP,156
JJR,NN,PRP,3
VBZ,WP,DT,1
VBP,NN,CC,31
PRP,VBG,DT,2
RBS,PRP,VBD,1
PRP,CC,IN,24
PRP,MD,NN,1
TO,DT,VBN,1
VBD,NNS,IN,44
PRP,RP,DT,1
DT,VBG,NNS,31
TO,PRP$,JJS,1
VBG,NN,VBP,1
CD,VBN,WP,1
NN,NNS,VB,8
DT,JJ,VBD,9
CC,VBZ,DT,28
WRB,VBD,IN,1
JJ,TO,PRP$,10
VBN,VBG,VBD,1
CC,NN,WP,5
PRP$,IN,NN,8
PRP,TO,RB,2
JJ,RBR,NNS,1
VBN,NNS,NN,12
RB,VBG,JJR,3
VBP,VB,DT,2
RB,JJS,NN,3
WRB,JJ,PRP,13
PRP,MD,PRP,2
PRP$,WP,VBN,1
JJ,VBZ,RB,10
MD,DT,RB,1
NN,DT,WDT,1
VB,RB,PRP,7
VBZ,CC,VBP,1
NN,WRB,VBN,6
MD,PRP,CC,3
PRP$,PRP,JJ,1
PRP,VBZ,JJS,7
VBD,IN,WRB,4
VBP,RP,JJ,5
VBD,PRP,WDT,1
WP,NNS,RB,2
VBN,IN,VBD,1
NN,RP,RB,1
CD,NN,WP$,1
NNS,RB,WP,1
VBG,WRB,MD,2
NNS,WRB,PRP$,1
DT,DT,VBD,2
VBZ,NN,IN,46
VBG,WP,DT,1
CC,VBN,IN,39
VBG,WRB,RB,2
NN,RB,WDT,1
NN,NNS,VBP,328
NNS,NN,VBG,2
NNS,PRP,NNS,1
NNS,IN,NN,653
WRB,NNS,DT,7
VBN,NNS,JJ,6
PRP$,VBN,IN,2
NNS,VB,DT,1
NN,CC,JJR,13
JJ,CC,VBD,21
WP,VBN,PRP$,5
VBZ,RB,WP$,1
NNS,WDT,RB,29
DT,VB,VBN,1
CC,VBG,PRP,4
DT,VBP,NNS,3
NN,WRB,VB,1
DT,RB,NN,73
NN,PRP,CC,26
VBG,NNS,JJS,1
PRP,VB,NN,15
NNS,CD,IN,3
CD,NN,CD,1
VB,VBN,NN,18
IN,PRP,JJS,1
WDT,VBP,RB,6
VBG,RB,JJR,1
MD,CC,RB,1
VBD,RB,RBR,1
VBP,VBN,CC,29
NNS,NN,RB,10
IN,CD,JJ,25
PRP$,NN,PRP$,50
JJ,NN,WP,31
VBG,IN,DT,206
RBR,NN,IN,3
PRP$,PRP,WP$,1
VBZ,JJ,VBN,2
WRB,DT,VBP,1
NNP,NNS,VBP,1
VBN,CC,DT,8
IN,VB,VBN,2
VBG,PRP,VBG,3
VBP,RP,WP,1
CC,DT,NN,335
VBP,RB,NN,21
DT,NNP,NN,70
RB,RB,WP,3
PRP,VBN,NN,3
WDT,VBN,TO,1
VBD,VBN,PRP,27
CD,VBZ,VBN,2
JJR,NNS,TO,2
EX,DT,RB,1
WP,IN,RB,5
PRP,VBZ,RBR,2
IN,NNS,MD,14
DT,PRP$,WP$,1
PRP$,JJ,IN,23
CC,DT,PRP,18
VBN,DT,NNS,11
RBR,RB,PRP,1
CC,RB,NNS,14
RB,TO,VBG,1
WP,VBZ,NN,6
IN,JJR,IN,8
DT,JJR,TO,1
NNS,VBZ,NN,6
DT,PRP,WP,4
VB,VBP,IN,2
JJ,NNS,RB,51
VBP,PRP$,NN,107
VBZ,IN,RB,10
NN,MD,PRP$,7
NNS,PRP$,NN,146
JJ,PRP,VBG,3
VBZ,JJS,PRP,1
DT,JJ,NN,1952
CC,VBP,WRB,6
VBP,-NONE-,NN,1
VBP,VBG,TO,4
JJ,VB,RB,1
VBD,IN,RB,16
VB,CC,WP,3
JJ,NN,JJ,60
WP,VBP,DT,7
VBZ,RB,PRP$,9
PRP,VBD,WRB,9
VBD,WRB,RB,3
CD,IN,IN,2
JJR,PRP$,NNS,2
VBP,WP,DT,1
NNS,VBG,WP,2
JJ,IN,VB,1
NN,WRB,TO,3
WDT,NNS,CC,2
CC,RB,VBP,27
JJS,TO,VB,4
JJ,WP,VBP,3
JJ,VBN,RP,2
CC,VBP,MD,1
VB,RB,NN,3
WRB,JJ,DT,26
IN,NN,CD,6
IN,PRP$,VBG,3
CC,JJR,DT,1
VBD,RB,JJR,4
DT,PRP$,JJ,25
CD,VBZ,VBG,1
MD,NNS,VBN,1
MD,IN,PRP,5
DT,JJS,TO,2
DT,WP$,VBG,2
TO,VBD,NNS,2
VBP,RP,CC,6
RB,RP,NNS,2
RBR,VBN,VBN,1
WP,VBN,IN,12
VBD,RP,PRP,1
VBP,CC,VBP,3
IN,CC,JJ,6
WP,IN,IN,4
VBZ,IN,VBZ,1
NNS,WDT,CD,2
NNS,VBN,VB,1
DT,NN,PRP,208
VB,DT,VBN,10
JJ,NNS,VBZ,14
IN,JJ,VBZ,18
MD,VB,VBD,1
VBZ,NN,VB,1
NN,CC,DT,221
IN,JJS,VB,1
NNS,VB,IN,2
WRB,NNS,VBZ,1
VBN,VBD,DT,2
CC,JJR,PRP,2
RB,DT,VBP,1
DT,JJR,JJ,4
JJS,JJ,CC,2
JJ,CC,VBZ,2
WRB,VBG,WRB,1
RB,PRP$,VBN,2
VBZ,DT,CC,2
JJ,VBZ,PRP,1
CC,VBG,NN,81
NNS,WDT,MD,15
NN,JJR,JJ,7
RBR,NN,RB,2
TO,DT,MD,1
WRB,CC,NN,1
VBG,NN,MD,5
NN,WP$,NN,27
RP,DT,NNS,6
JJR,IN,TO,2
JJ,PRP$,JJS,1
PRP,NN,TO,1
DT,RBS,VBG,1
MD,VBD,PRP$,1
JJ,DT,MD,1
VBZ,JJ,PRP$,8
VB,NN,DT,13
RB,IN,CC,12
IN,RB,RBR,1
PRP,JJ,CC,6
TO,WDT,DT,1
TO,VB,DT,260
NN,NNS,NNS,16
VB,IN,PRP$,35
JJ,VBZ,VBN,21
VBP,TO,VBZ,1
JJ,WRB,JJ,13
VBP,RB,WRB,15
VBD,VB,IN,5
VBP,RB,VBZ,8
VBD,WRB,PDT,1
-NONE-,IN,NNP,1
DT,JJS,IN,15
WP,NNS,MD,11
DT,VBD,JJ,5
PRP,VBD,JJS,2
RB,NN,MD,5
VBZ,NNS,TO,2
NN,JJS,IN,1
VBP,WRB,DT,3
NNS,WP,VBZ,6
WP,NN,NNS,7
NNP,IN,DT,1
VBN,VBG,NN,4
VBD,VB,RBR,1
NNS,WP$,NNS,4
IN,JJR,PRP$,1
JJR,NNS,RB,1
NNS,WRB,VBP,1
CC,RB,NN,27
JJR,PRP$,NN,4
PRP$,VBZ,RB,1
JJ,VBP,RB,2
RB,WP,NN,2
NN,DT,VBP,4
NN,VBD,JJR,1
JJ,CD,NNS,1
PRP,JJ,PRP,4
DT,VBP,VBD,1
NN,WDT,CD,2
RB,RBR,MD,3
PRP$,NN,RB,73
NN,VBZ,NN,192
NN,RBR,VBG,4
RB,IN,PRP,88
VBD,VBN,CD,1
NN,VBP,NN,32
RBR,IN,PRP$,3
VBG,DT,PRP,3
CC,RB,PRP,69
NN,TO,RBR,1
WDT,VBZ,PRP$,4
CC,NNS,CC,59
PRP,WP,PRP,1
PRP,VBG,NN,12
VBN,RB,JJ,22
NN,VBN,JJ,14
IN,JJR,CC,2
VB,RB,VBZ,3
EX,VB,DT,1
IN,VBD,NNS,1
NN,TO,NN,73
IN,IN,PRP$,82
WP,PRP$,NNS,3
JJS,JJ,PRP,1
NNS,NNS,NN,1
JJR,VBP,PRP,1
WP,JJR,VBP,1
PRP,JJ,MD,3
NNS,RBR,CC,1
JJ,NNS,EX,4
VBD,TO,VBN,1
WP,VBD,CC,2
VBZ,RP,PRP$,1
VBG,WP,VBZ,1
IN,RB,CC,19
JJR,NN,TO,3
DT,WDT,NN,5
CD,WP,NNS,10
WP,VBD,VBN,7
JJ,NN,NNS,351
DT,VBZ,JJR,1
VBP,RBR,RB,1
NN,VBN,PRP$,8
PRP,VBN,PRP$,2
JJ,WDT,VBN,2
VBP,DT,PRP,2
NN,TO,JJ,20
DT,JJ,NNS,436
RB,CD,NNS,3
VB,VBN,PRP$,3
VBP,RB,VB,59
-NONE-,VBZ,VBG,1
NNS,MD,RB,14
WP,RBS,PRP,1
CC,NNS,WP,2
PRP$,WRB,DT,1
VBG,NN,VBD,17
IN,NNP,RB,1
VBD,TO,PRP,13
JJ,MD,VB,25
RB,JJ,VBN,5
RB,VBP,JJR,1
WDT,NN,PRP$,9
TO,NNS,VBG,1
JJ,WP$,RB,1
WP,RB,VBZ,10
NN,RBR,VBN,1
WRB,VBZ,PRP$,2
JJ,DT,JJS,1
VBN,NN,VB,1
PRP,WP,TO,4
VBG,MD,VB,10
PRP,IN,WP$,1
NN,WP,PRP$,1
WP,NN,VBG,2
PRP$,MD,MD,1
RB,VBG,VBP,1
VB,VBP,RBR,1
RB,JJ,WRB,3
TO,VB,TO,11
PRP,RB,VBD,58
EX,VBD,PRP,1
PRP$,RB,JJ,16
NN,WDT,JJR,4
PRP,WRB,IN,2
CD,VBG,IN,1
VBD,NN,JJR,2
WDT,DT,VBP,1
CC,JJS,CC,1
VB,IN,IN,17
VBZ,WP,PRP,5
IN,WDT,DT,22
PRP$,VBG,IN,2
VBG,CC,MD,1
WRB,DT,PRP,2
IN,PRP,VBZ,94
RBR,PRP,VBP,6
IN,DT,VBD,3
WDT,JJ,VBD,1
WDT,DT,NN,37
EX,IN,NN,3
JJS,IN,RB,1
PRP$,JJ,VBG,5
VBP,VBN,VBN,12
VB,DT,RBR,9
VBD,NNS,VBG,8
PRP,JJR,CC,2
-NONE-,VBZ,VBN,1
RB,DT,JJ,93
WP,NNS,VBD,2
CC,VBD,MD,4
TO,CD,JJ,2
WDT,VBP,IN,3
PRP$,WRB,PRP$,1
RB,RB,PRP$,18
IN,JJ,VBG,5
RB,JJ,VBG,1
DT,WP,NN,12
MD,NN,IN,1
WRB,VBP,DT,8
CC,VBZ,PRP,11
RB,RBR,VBN,3
CC,EX,NN,3
NNS,JJS,NN,1
DT,WRB,JJ,1
VBZ,TO,CD,2
NN,CC,VBG,56
VBP,PRP,VB,31
MD,IN,JJ,6
NNS,VBN,NN,20
NNS,RB,RBR,2
NN,MD,TO,2
JJS,RB,DT,2
CC,JJ,VBD,9
JJ,DT,RB,7
TO,JJS,DT,1
VB,NN,WRB,6
NNS,RB,NN,12
JJR,NNS,PRP,2
PRP,VBN,TO,1
CC,VB,IN,68
PRP,JJR,NNS,3
PRP,NN,NN,17
CC,VBN,WRB,2
JJ,NN,RB,134
RB,JJ,VB,2
PRP,NN,WP,1
VBN,NN,VBN,14
VBD,IN,WP$,2
RB,JJ,PRP,21
IN,NNS,CC,126
IN,JJ,PRP,23
VBD,VB,PRP,2
DT,JJ,RB,16
PRP$,CC,PRP,1
JJR,JJ,VBZ,1
EX,RB,NN,1
NN,IN,CC,34
PRP$,NN,NNP,2
VBN,NNS,JJR,1
MD,VB,PRP,95
IN,NN,WDT,26
NN,CC,WRB,15
IN,IN,TO,7
VBZ,JJS,TO,1
WP,VBN,VBG,1
JJR,RB,VB,1
VBP,VBN,VBG,4
WDT,VBP,TO,4
NNS,WP,VBG,1
NNS,PRP$,JJS,1
VBD,NNS,VBN,12
TO,DT,IN,4
NN,RB,VBN,46
RB,NN,JJ,3
VBG,IN,PRP,34
DT,PRP$,RB,2
VBZ,DT,WDT,1
IN,RB,VBZ,32
NNS,IN,VBP,5
NNS,DT,VBG,31
RB,VBN,CC,15
IN,VBD,PRP,5
VBG,RP,IN,4
NNS,EX,DT,3
JJ,VBD,PRP,2
MD,VB,JJ,100
WP,RB,DT,6
JJ,RB,WDT,1
JJ,JJ,DT,12
CC,MD,RB,18
VBG,CC,NN,12
RP,JJ,NN,6
MD,NNS,CC,1
PRP$,NN,VBG,36
JJ,IN,WDT,3
VBZ,JJR,RB,1
VBP,WP,PRP$,1
TO,VB,VBZ,5
JJ,DT,JJ,88
WP,WP,PRP,1
JJ,VBN,VBZ,1
RB,PRP,VBP,169
RB,NNP,NN,1
IN,VBZ,DT,16
VBG,RB,RB,8
RB,WP,DT,6
VBZ,WDT,PRP$,1
CD,EX,VBD,1
WP,VBP,PRP$,2
NN,IN,MD,26
VBD,CC,VBN,56
NN,WDT,PRP$,5
PRP,NN,PRP$,1
EX,VBD,NN,3
VBP,JJS,VBN,1
CC,NN,RP,1
RB,DT,VBZ,4
DT,IN,PRP,24
IN,WP,IN,4
NNS,IN,VB,1
CC,JJ,NNS,89
PRP,MD,JJR,1
MD,DT,NN,41
IN,EX,DT,1
VBD,PRP,JJR,9
VBP,IN,DT,135
VBG,RB,TO,4
PRP$,NNS,PRP,18
JJ,VBP,NN,1
NNS,VB,JJ,7
VBG,PRP,JJ,4
RB,VBG,VB,1
WDT,NNS,VBD,1
NN,JJ,NNS,54
JJ,VBZ,CC,2
CC,VBN,VBN,2
JJS,NNS,WRB,1
RP,PRP$,NN,10
VBP,VBN,VBP,3
IN,CC,CD,4
JJR,IN,JJR,2
VBN,WDT,WDT,1
CC,IN,NN,122
JJ,CD,VBP,1
VBN,JJ,VBN,1
NN,RB,VBG,27
VBD,CD,IN,4
MD,NNS,VB,6
CC,CD,VBG,1
PDT,DT,NN,3
VBN,CC,WRB,2
VBD,JJ,WRB,1
NNS,WP,NNS,4
RBS,VBN,WRB,2
VBP,VB,IN,1
RB,JJ,JJ,22
NN,DT,RB,26
IN,DT,NNS,516
VBN,NN,DT,39
VBP,NN,RB,16
PRP$,IN,NNP,2
WP,RB,VBG,3
VBG,DT,WP,1
MD,VB,CC,67
DT,VB,NNS,1
WRB,NNS,CC,6
CC,RB,JJR,4
CC,PRP$,RB,2
VBN,DT,JJR,1
VBN,CC,RB,18
PRP,VB,CD,1
VB,NN,JJ,3
NNS,VBP,JJ,134
JJS,JJS,NN,2
PRP,TO,PRP$,16
PRP,VBP,VBD,3
DT,VBD,PRP,11
RB,CC,VB,39
VBP,DT,IN,4
WRB,VBN,NNS,4
NN,PRP,VBD,242
VBG,PRP,WP,2
VBD,RB,WRB,2
VBP,NNS,JJR,1
JJR,VBG,IN,1
NNS,VBN,RP,2
IN,NN,TO,136
PRP,WP$,JJS,1
CC,TO,WP,1
NNS,VBP,VBN,161
MD,RB,RBS,1
PRP,VBD,JJ,83
WRB,JJ,JJ,12
WP,VBG,NNS,8
VB,PRP,TO,9
VBP,TO,CC,2
TO,NN,PRP$,17
IN,CD,CD,2
NN,NN,JJR,3
VBD,VBG,DT,6
IN,JJ,NNS,498
VBD,VBZ,CC,2
IN,JJ,WP$,5
DT,RBR,NNS,3
RP,CC,RB,1
TO,VBG,DT,1
RB,WP,VBD,1
VBN,VBN,VBN,1
JJS,NNS,PRP,3
RB,NN,VBN,2
NN,RB,VBP,23
CC,NN,VBG,10
VBN,VBZ,DT,3
RB,CC,VBP,4
IN,NN,RB,148
CC,WRB,EX,1
PRP,IN,WRB,4
VBP,NN,JJ,2
JJ,RB,IN,16
CD,CC,JJ,4
VBG,DT,JJR,3
PRP$,CC,RB,2
VBG,JJR,IN,3
WRB,NNS,MD,1
DT,DT,NN,182
TO,PRP,WP,4
NN,PRP$,NN,371
VBD,RB,PRP,8
IN,WRB,VBP,1
NNS,VB,JJR,1
JJ,VBN,DT,5
VB,WRB,NN,5
PRP$,VBP,DT,1
WP,VBZ,TO,2
NN,PRP,JJR,3
CC,IN,NNS,28
JJ,RB,RBR,1
CC,VBN,PRP,9
NNS,WDT,WRB,1
VBP,JJ,RB,17
PRP$,NNS,CD,3
IN,NNP,NN,47
VB,TO,PRP$,3
IN,DT,WP,23
VBN,PRP,NN,1
TO,NN,DT,25
DT,WDT,VBP,1
IN,JJR,VBG,2
VBP,VBP,MD,1
MD,TO,PRP$,3
NN,NNS,IN,469
-NONE-,DT,NN,2
VBG,CD,NN,4
VBP,MD,PRP,2
NNS,CC,PRP,14
VBP,VBZ,PRP,2
VBN,PRP,PRP,3
MD,VBZ,VB,1
RBR,TO,VB,6
VBG,WRB,JJ,1
NNS,NNS,CC,26
NNS,CC,JJ,75
RB,NN,VBD,13
VBN,JJ,VBZ,1
VB,VB,NN,1
CC,IN,WDT,3
TO,NN,PRP,15
WRB,VBP,NN,2
NNS,MD,VB,147
VBP,DT,NNP,5
VBZ,WP,NNS,1
JJ,WDT,TO,1
WRB,VBG,PRP$,1
JJ,VBN,PRP$,3
VB,VBZ,JJ,6
CC,JJ,JJ,27
VBZ,VBN,PRP$,22
NNS,PRP$,CD,1
IN,RB,VBG,13
VBP,WRB,VBG,1
VB,DT,NNS,64
VB,IN,JJS,5
WDT,DT,NNP,1
DT,NN,NN,2491
CC,VBP,WP,4
VBN,CC,WP,2
NN,RP,PRP$,1
VBN,NN,NNS,47
RB,VBD,NNS,10
PRP$,NN,VBZ,114
IN,VBP,PRP,7
PRP,JJR,VBN,1
EX,VBZ,NN,5
JJR,JJ,MD,1
TO,VB,VBG,1
JJ,WDT,RB,1
NN,NNS,VBD,98
CC,EX,DT,5
WRB,WRB,DT,1
IN,JJS,DT,3
VBZ,VBP,IN,2
NNS,VBP,DT,101
PRP,VBG,JJR,1
DT,PRP,NNS,1
NN,RB,NN,79
VB,EX,MD,1
VBZ,PRP,VB,4
TO,NNS,CC,7
VBD,IN,DT,282
JJS,MD,VB,2
WDT,MD,TO,1
RB,TO,JJ,5
VBZ,NN,RB,11
PRP,IN,NN,72
WP$,VBZ,RB,1
PRP,RB,NNS,1
IN,PRP$,PRP,3
PRP$,RB,VB,3
NNS,VBN,RB,8
VBN,-NONE-,RBS,1
DT,NNS,WP,8
DT,RBR,RB,1
DT,VBN,-NONE-,3
VB,NN,VBN,6
WRB,PDT,JJ,1
VB,PDT,JJ,1
CC,IN,CC,5
-NONE-,NN,TO,1
JJ,VBG,VBP,1
CC,VBN,RBR,2
VBZ,PRP$,JJ,13
WDT,NN,CC,18
WRB,DT,VBD,3
VBG,CC,DT,12
NNS,NNS,RBR,1
EX,NNS,DT,4
DT,EX,VBP,2
PRP,VBD,VB,16
IN,WDT,CC,1
CC,VB,RB,17
CC,DT,WP,1
VB,RB,PRP$,3
RB,VB,JJ,29
VBD,NNS,CC,21
NNP,NNS,IN,2
WP,RB,WP,1
CC,WDT,MD,1
IN,JJ,JJR,1
VBZ,CC,VBG,4
NN,TO,CD,1
VBG,NNS,JJ,6
VBD,VBN,NN,40
MD,PRP,MD,1
DT,MD,PRP,1
IN,PRP$,WP,3
NNS,TO,VB,160
-NONE-,VBG,NN,1
CC,IN,TO,3
WRB,VBN,JJ,3
RBR,NNS,TO,1
VBZ,JJ,WRB,3
IN,TO,NNS,5
NNS,DT,RB,11
WDT,RB,VBD,6
NNS,JJ,JJ,8
VBZ,DT,VBG,3
WP,VBZ,PRP,10
DT,PRP,NN,1
PRP$,NNS,RB,33
JJ,PRP,RB,16
DT,DT,VBZ,12
PRP,TO,NN,4
JJR,JJ,NN,7
DT,NNS,JJ,19
NN,VBN,DT,14
VB,VBG,MD,1
PRP$,VBN,VBZ,1
JJ,IN,VBG,4
IN,TO,PRP,7
VBP,IN,PRP,56
NNS,VBD,JJ,27
DT,VBP,PRP,5
PDT,-NONE-,JJS,1
DT,CC,VBZ,1
DT,JJ,WRB,5
WRB,NN,JJ,2
DT,VBN,PRP$,2
VB,NNS,NNS,5
NN,MD,WRB,1
CC,WP,NN,6
EX,VBZ,IN,2
VBG,VBG,IN,2
IN,NNS,-NONE-,1
VBD,DT,RB,5
VBP,WP,VBZ,1
WP,VBZ,MD,1
PRP,DT,DT,5
CC,RB,VBD,20
IN,DT,CC,13
NN,WP,VBZ,16
IN,NNS,NN,27
CC,EX,JJ,1
NNS,TO,NN,13
DT,NN,WP,32
VB,JJ,MD,1
JJ,WP,TO,1
VBN,JJ,CC,18
VBN,PRP$,CD,1
PRP,MD,VB,387
VBP,CC,WRB,1
JJS,VBG,NN,4
NNS,NNS,PRP$,3
VBZ,PRP,WDT,1
DT,RB,RB,16
VBG,CD,VBG,1
VBG,PRP,DT,2
WP$,NNS,RBR,1
EX,PRP,NN,1
PRP$,VBG,VBN,1
WRB,PRP,VBP,143
VBZ,NN,NNS,8
VB,VBN,RB,5
NN,VBD,IN,240
WP,NNS,WP,2
CC,DT,NNS,43
CD,PRP$,IN,1
JJR,VBZ,DT,1
CD,VBD,IN,2
WRB,NNS,VBN,4
IN,NNP,IN,1
RB,NNS,IN,21
CC,PRP$,MD,1
JJ,JJ,NNS,116
PRP$,NNS,WRB,7
DT,MD,IN,8
DT,VBN,TO,4
NN,WRB,VBG,2
TO,VB,WRB,17
NN,PRP$,VBD,1
WRB,RB,NN,4
-NONE-,VBP,JJ,1
WP$,NN,RBR,1
VBP,CC,MD,2
PRP,MD,VBG,1
VB,PRP,PRP$,5
IN,CD,PRP$,1
VBP,JJR,RB,1
VBN,TO,NN,15
VBG,NN,RB,14
NN,DT,IN,15
WDT,NNS,MD,1
IN,WDT,NNS,1
RB,JJS,RB,1
VBZ,PRP,MD,7
CC,WDT,DT,1
VB,MD,VB,14
DT,VBZ,WRB,1
IN,NN,PRP$,61
PRP,CC,TO,7
CC,JJS,VBN,1
JJ,VB,VBN,1
VB,VBG,NNS,2
VBZ,NNP,IN,1
NNS,PRP$,NNS,61
CC,DT,VBN,11
VBP,RB,VBP,5
WP,TO,DT,2
RB,TO,NNS,8
VBP,TO,VBN,1
RB,DT,CC,1
CD,WP,VBG,3
RB,VBD,JJ,10
NNS,VBP,CC,107
WDT,IN,JJ,12
WDT,RB,TO,2
JJ,CC,MD,2
VBD,NN,PRP$,11
WDT,TO,VB,4
VBZ,PRP,WP$,4
NN,VBZ,JJR,8
RP,IN,JJ,7
NN,VB,PRP,14
VBD,VBZ,VBN,7
PRP,MD,WRB,1
PRP,RB,JJ,34
RB,IN,WP,4
RB,DT,PRP,1
WDT,IN,PRP$,16
VBD,PRP,WRB,3
VBZ,WRB,NNS,1
JJR,MD,VB,2
-NONE-,VB,RB,1
VBZ,JJR,TO,2
IN,WDT,VBZ,3
VBP,PRP,VBD,23
VBN,VBN,JJ,6
VB,JJ,NN,123
JJR,IN,PRP,13
VB,NN,WDT,2
WP$,NN,NNS,13
RB,VBD,CC,12
NN,DT,TO,3
VB,PDT,NN,2
WRB,DT,JJS,2
VBN,IN,JJ,84
WRB,VBD,RB,1
WDT,DT,CD,1
VBZ,TO,VB,50
IN,VBD,CC,4
RB,VBN,MD,4
EX,MD,NN,1
VBZ,IN,NNS,17
VBD,JJR,JJ,2
CC,JJS,VBG,2
VBZ,NNS,VBP,4
WDT,PRP,VBZ,4
PRP$,NNS,RBS,1
CC,DT,VBG,5
IN,VBN,JJ,10
RB,JJR,TO,3
VB,VB,IN,4
NNS,WDT,VBG,8
VBP,TO,VBG,6
NN,MD,RB,48
VBN,DT,RBR,4
CC,NNS,PRP,16
CD,VBG,JJ,1
NNS,EX,NNS,1
JJR,NN,RB,4
VBZ,PRP,NN,3
NN,CC,CC,2
VB,NNS,JJ,7
VBP,NNS,PRP$,1
TO,PRP,RB,9
VBG,TO,RB,1
NNS,VBZ,TO,1
VBG,IN,TO,2
VBN,VB,JJ,1
PRP$,RB,RB,1
WP,RB,VB,2
VB,JJ,TO,11
IN,VBN,PRP$,6
RB,JJ,VBZ,5
CC,NN,JJ,13
PRP,WRB,NNS,1
TO,WP,NN,4
VB,NNS,PRP$,1
VBZ,VBP,JJ,3
RB,IN,WP$,3
NNS,TO,VBG,4
VBN,RBR,IN,1
JJ,NNS,JJS,1
DT,MD,VB,28
VBN,VBZ,IN,1
NN,RB,MD,25
RBR,VBG,TO,1
PRP,IN,JJR,3
PRP$,VBD,JJ,1
JJ,IN,CC,2
VBG,VBP,NNS,4
VBD,PRP,NNS,4
NNS,VBD,VBZ,1
RB,VBG,VBD,1
NNS,EX,VBZ,1
NNS,NN,TO,5
CC,VBD,TO,18
PRP,RB,VBP,79
WP$,JJ,NNS,2
VB,VBN,PRP,11
VBG,CC,IN,5
WDT,NN,NNS,1
RB,JJS,VBN,1
WP,VBG,CC,1
NN,WRB,MD,5
PRP,RP,CC,2
VBP,RP,NN,2
CD,IN,RB,1
VBG,NN,PRP,21
NN,VBG,VBD,1
NN,VB,CD,1
NNS,CC,JJR,8
MD,RB,DT,3
WP,PRP$,JJ,2
VBP,PRP,NN,11
VBD,MD,PRP,2
IN,NN,EX,6
VBP,NNS,RB,9
NNS,VB,PRP$,3
PRP$,JJS,PRP,1
WDT,NN,VBN,1
RB,VBZ,DT,52
VBP,VBN,WP,1
WP$,JJ,DT,1
CC,RB,TO,19
VBN,DT,NN,136
VB,RP,IN,6
DT,JJR,NNS,6
NNP,NNS,MD,1
NNS,VBP,PRP$,42
VBZ,WP,VBZ,2
VBG,VBN,IN,9
CC,VBZ,TO,4
DT,VBZ,JJ,11
RB,CC,WRB,5
VBG,NNS,VBD,11
NNS,VBG,RB,14
DT,DT,VBP,4
VBZ,DT,CD,2
TO,VBZ,IN,1
WRB,IN,VBG,2
VBN,RB,PRP,6
JJ,VBN,VBG,1
PRP,IN,NNP,1
WDT,DT,VBZ,2
IN,WP,PRP,27
NNS,PRP$,JJ,44
JJ,WP,PRP,3
VBZ,RP,CC,1
NN,DT,NN,1065
PRP,CC,VBP,12
VB,TO,PRP,9
IN,CC,NN,29
CC,VBP,VBP,1
RB,MD,VB,124
IN,MD,VB,31
JJ,IN,CD,6
VB,NN,TO,12
PRP,CD,DT,1
VBP,WDT,VBZ,1
RBR,VBG,JJ,1
RP,RB,VB,1
RB,RBR,IN,10
VB,RP,DT,6
NNS,RB,PRP,17
WP$,NN,JJ,1
VBN,NN,VBZ,10
PRP,TO,JJR,1
NN,VBZ,RBR,3
RB,RB,CD,3
PRP,VBZ,RB,67
RP,IN,NNS,6
TO,VB,PRP$,136
VB,PDT,-NONE-,1
CC,WP,DT,3
VBG,TO,NNS,2
VBZ,IN,PRP,35
EX,RB,VB,1
JJ,WRB,RB,1
VBZ,VBP,VBZ,1
NN,NN,JJ,49
MD,VB,RBS,1
JJ,VBP,JJ,10
WP,IN,MD,1
EX,CC,JJR,1
VBZ,CC,EX,1
VBP,WRB,JJ,10
PRP,MD,RB,116
RB,VBP,IN,50
VBP,TO,WRB,1
JJR,PRP,VBZ,1
DT,TO,CC,1
NN,IN,VBN,52
DT,VBZ,WP,5
IN,VBD,DT,4
DT,NNP,JJS,1
NN,NN,PRP$,141
RB,RB,MD,12
IN,RB,IN,85
VB,JJ,IN,36
NNS,-NONE-,MD,1
VBN,IN,NN,159
DT,VBN,MD,1
VBZ,JJ,RB,1
JJ,WP$,JJ,2
WRB,MD,VB,13
WRB,RB,PRP$,4
WRB,VBG,NN,9
CD,NNS,JJ,2
WRB,RB,VBD,2
PRP$,VBZ,IN,1
NN,MD,PRP,15
TO,RB,NNS,2
VBD,VBN,CC,28
RB,WP,PRP,7
PRP,VB,VBP,1
WP,VBD,PRP,7
VBP,CC,VB,42
WRB,IN,VBN,1
WDT,VBD,IN,7
WP,VBZ,VBN,12
VBD,NNS,WRB,5
PRP$,NNS,WP,4
NNS,WDT,EX,1
JJ,WRB,VBP,1
JJR,NN,PRP$,2
NN,NN,CC,413
IN,PRP,JJ,14
RB,DT,VBN,13
IN,JJ,WRB,7
VB,NN,NNS,13
VBP,DT,NN,257
PRP$,NNS,VB,9
DT,DT,JJS,5
RB,RBR,CC,2
VB,PRP$,NN,196
NN,MD,MD,1
NN,RB,VB,46
VBZ,NNS,WDT,1
NN,IN,NNS,446
IN,JJR,MD,1
VBZ,DT,PRP$,3
RB,WRB,RB,7
DT,JJR,RB,1
DT,NNS,WP$,1
IN,DT,VBZ,7
WDT,RB,RP,1
JJ,PRP,JJS,1
VBN,CC,JJ,24
VBD,IN,PRP$,80
VBP,VBD,NN,1
VBP,VBN,NN,31
MD,PRP,VBZ,2
RBR,NNS,VB,1
CC,VB,VB,3
VBN,JJ,NNS,15
JJR,IN,WP,3
VBD,CC,NNS,7
JJR,JJ,IN,15
VBD,VB,CC,1
NNS,WRB,PRP,21
VBG,VBN,TO,1
DT,VBP,DT,9
WRB,IN,RB,2
DT,RBR,IN,14
PRP,CD,WP,1
VBG,PRP,PRP,1
NNS,VBN,-NONE-,2
NN,RBR,JJ,9
DT,JJR,VBZ,3
TO,NNS,JJ,3
VBN,CC,PRP$,1
VBG,CC,VBG,15
PRP,DT,VBD,1
NN,IN,PRP$,588
VBP,DT,VB,1
JJR,VBN,IN,5
VB,CC,VB,126
WDT,EX,VBZ,1
PRP,VBP,VBP,22
VBN,RB,RBR,2
NNS,NNS,VBG,6
CC,IN,PRP$,108
DT,NN,VBP,43
PRP,NNS,IN,3
NNS,VBD,CD,2
NN,JJS,NN,4
JJS,JJ,TO,2
NNS,WRB,VBG,2
IN,VBD,VBN,5
CC,MD,PRP,9
PRP$,NN,PRP,84
VB,RB,NNS,2
VBD,WP$,NN,1
VB,VBZ,PRP,1
DT,RB,VBP,35
NNS,DT,JJR,2
IN,WP,RB,8
PRP$,NN,JJ,17
TO,VB,JJR,2
PRP$,JJ,VBN,13
VBD,RP,NNS,1
TO,WDT,EX,1
VBG,CC,PRP,2
PRP$,NNS,JJR,1
RB,RB,TO,17
RB,RBR,PRP,3
JJS,IN,DT,18
VBP,WRB,CC,1
JJS,CC,IN,1
VB,VBD,DT,1
NN,VBN,RB,14
PRP,RP,TO,2
VB,CC,TO,14
VBZ,RB,WRB,3
VBZ,VBP,CC,2
PRP,CD,JJ,1
WRB,VBZ,IN,3
EX,VB,JJ,1
CC,JJR,NNS,6
WP,DT,IN,1
NN,WP$,VBZ,1
DT,DT,CD,3
DT,RB,PRP$,2
JJR,PRP$,JJ,1
VB,NN,IN,40
NN,NN,NNS,371
RB,VB,VBZ,4
VBN,VBD,VBN,2
DT,JJ,PRP$,5
WDT,CC,IN,2
MD,VBG,PRP,1
VBN,JJ,MD,1
NN,CC,VBN,21
VBD,IN,CD,6
MD,VBG,IN,1
VBD,VBN,TO,28
RP,CC,IN,1
DT,PRP$,NNS,66
NNS,IN,JJS,10
VBZ,VBG,VBG,1
CC,VB,TO,16
PRP$,JJS,JJ,1
NN,CC,RBR,1
WP,VBN,PRP,12
TO,VB,CD,7
NNS,VBP,WRB,6
CC,VB,VBD,2
NN,VB,DT,11
WP,MD,VB,41
NNS,WP,PRP,3
CC,NNS,JJ,10
CC,PRP$,CC,3
IN,DT,NN,3115
VB,WP,NN,2
PRP$,IN,JJR,1
JJR,VBG,RB,1
IN,PRP,NN,18
CD,NN,VBD,3
VBN,NN,VBG,2
VBN,MD,RB,1
JJ,CC,DT,28
IN,NNS,CD,2
VBZ,CD,NN,3
IN,VBN,VBN,4
JJS,JJ,DT,1
RP,TO,VB,10
RB,NN,RB,13
DT,NNS,JJR,2
PRP,PRP$,NN,35
VBZ,VBN,NNS,6
NNS,PDT,NN,1
WRB,VBG,NNS,6
NN,NNS,MD,31
WDT,NN,DT,22
PRP,NNS,CC,2
NN,EX,VB,4
VBN,-NONE-,RB,2
DT,WDT,CD,1
VB,CD,CC,1
RB,DT,DT,9
NNS,VBG,VBD,1
NNS,VBZ,DT,14
CC,NN,VBP,30
VBP,WP$,NN,3
VBD,RP,PRP$,5
CD,IN,NN,8
WP,CC,WP,1
WDT,NNS,TO,1
IN,JJ,JJ,179
DT,CD,DT,1
RB,JJR,CC,3
VBN,NN,WRB,8
PRP$,NN,VBN,12
WP,MD,RB,7
IN,PRP,NNS,5
CC,NN,-NONE-,1
MD,DT,NNS,5
WRB,VBZ,DT,6
NN,VBD,TO,56
IN,VBZ,IN,3
RB,DT,RBR,1
VBP,WP,PRP,2
PRP,WP,MD,6
VBN,WDT,RB,1
WDT,VBN,PRP$,6
CC,VBD,VB,2
CD,WP,MD,2
VBG,DT,RB,5
WRB,PRP,WP,1
IN,DT,WP$,2
TO,RBR,NNS,1
VB,JJ,CD,1
VBD,CC,JJ,25
EX,WRB,NNS,1
IN,JJS,TO,1
WP,VBP,PRP,13
RBR,NN,TO,1
MD,VB,IN,130
WRB,RB,CC,2
WDT,MD,VB,20
IN,CC,DT,9
VBD,WRB,PRP$,2
WP,PRP,VBP,49
NN,NNP,JJ,1
RP,VBN,JJ,1
VBN,CC,NNS,1
EX,RB,VBN,1
PRP,CD,VBD,1
JJ,RB,VB,10
VBZ,VBZ,CC,2
CC,WDT,VBD,1
IN,VBN,VBG,2
VB,DT,DT,3
NNS,IN,NNP,1
CD,CC,NN,2
PRP$,IN,IN,1
VBD,VBN,RBR,1
VBN,-NONE-,VBP,1
PRP,PRP,PRP,1
NN,WRB,CD,2
WRB,VBN,RB,1
CC,VBN,VBG,2
NNS,VBZ,IN,1
JJR,RB,RB,1
WDT,VBZ,VBN,3
VBD,CC,PRP$,2
NNS,RB,VB,17
NN,VBZ,PRP$,36
IN,NN,MD,70
NN,PRP$,PRP,2
RB,JJ,WP,2
IN,JJ,WP,1
NN,VBN,RP,2
JJR,JJ,CC,8
IN,JJ,VBN,48
JJ,NN,PRP,143
VBZ,JJ,IN,45
EX,VB,VBG,1
JJ,CD,MD,1
IN,RB,NN,31
PRP$,VBN,CD,1
PRP$,RB,VBD,1
WP,VBD,NNS,1
DT,TO,DT,9
VBZ,DT,NNS,18
WDT,PRP,PRP$,1
IN,VBD,NN,5
WRB,VBN,VBG,1
PRP,VBP,DT,252
VBG,MD,PRP,1
VBD,WRB,DT,3
WP$,MD,VBZ,1
VBD,RB,DT,19
MD,VB,CD,7
RB,WP,IN,1
VBN,NNS,CD,2
RBR,IN,PRP,4
VB,IN,TO,4
IN,JJS,IN,4
CD,NNS,RB,4
WDT,RB,VBP,20
VB,VBZ,VBN,7
TO,VB,IN,180
TO,JJ,TO,2
DT,VBN,CC,8
IN,PRP$,JJR,1
WP$,VBG,VBN,1
PRP$,NN,VB,24
PRP,PRP,IN,3
IN,CD,PRP,1
JJR,DT,NN,5
JJ,CD,PRP,1
NNS,VBG,TO,9
WDT,MD,RB,10
WP,JJ,JJ,1
JJS,RB,TO,1
CC,VBD,VBZ,10
EX,VBP,PRP,1
MD,VBN,NNS,1
WP,IN,VBD,1
WRB,NN,VBG,1
VBG,RB,VB,1
NNS,VBP,VBG,40
VBZ,IN,PRP$,34
NN,VBD,VBD,4
JJS,NN,IN,14
VBZ,RP,DT,5
NNS,NN,DT,25
VB,NN,JJS,1
RBR,PRP,MD,1
VBP,CC,IN,13
RB,NN,VBP,2
VB,NNS,VBN,5
DT,RBR,VBZ,2
VB,PRP$,MD,1
IN,PRP,TO,23
PRP,RB,CC,17
VB,NNS,DT,5
NN,JJS,TO,1
VBD,CC,PRP,7
JJS,RB,VBZ,1
VB,TO,CC,1
IN,NNS,PRP,49
PRP$,WP$,NN,1
JJR,PRP,CC,2
CC,NN,VBN,4
DT,IN,RB,7
NN,RB,RB,93
CC,CD,JJ,3
-NONE-,VBZ,VB,1
JJ,NN,PRP$,50
IN,CD,VBG,4
EX,NN,NNS,1
PRP,CD,VBN,1
EX,VBZ,VBN,2
DT,CD,RB,1
VBG,WRB,DT,6
VBZ,CC,NN,21
IN,DT,EX,1
PRP,TO,WRB,1
VBD,PRP,CD,1
VBD,EX,NNS,1
VBP,JJR,JJR,1
WDT,EX,IN,1
VBD,RB,PRP$,12
JJR,CC,RB,5
VB,CD,IN,2
VBG,JJR,RB,1
VBD,NN,NNS,26
VBP,VBP,CC,2
PRP,DT,TO,3
PRP,WRB,VBZ,1
RB,RBS,IN,1
PRP,JJR,NN,6
CC,WRB,VBG,1
PRP,VBD,VBP,12
NN,VBN,VBG,2
VBG,RBS,JJ,1
NNS,PRP$,PRP$,1
NNP,NN,WDT,1
VBZ,DT,NN,359
WP,JJ,IN,3
IN,RB,DT,37
VBP,NNS,IN,40
DT,CC,VBG,1
IN,WRB,NN,7
PRP$,TO,VB,7
JJR,TO,VB,6
RB,PRP$,MD,1
VBG,IN,RB,7
JJ,IN,TO,1
VBD,RB,CC,15
WDT,TO,VBG,1
VBN,JJ,IN,22
RB,NNS,RB,5
CD,VBN,IN,4
JJ,CC,RBR,2
JJ,VBZ,DT,14
TO,VB,PRP,112
CD,JJ,NN,57
CC,VBZ,JJ,8
VBZ,RB,WP,1
NNS,WDT,VBN,8
VBN,PRP$,RB,1
IN,PRP,CD,2
VBZ,NN,PRP$,2
NNS,NN,NNS,10
VBP,CD,NNS,1
VBZ,VBN,WP,2
NNS,VB,NNS,2
VBN,DT,MD,1
VBG,RB,VBD,3
VBG,VB,CC,1
CD,NN,JJ,2
VBD,WP,VBD,1
VBP,NNS,WDT,2
JJS,CC,DT,2
VBP,IN,JJR,6
VBD,VBG,MD,1
PRP,PRP,RB,6
VBP,PRP,VBP,56
NNP,RB,DT,1
NNS,PRP,CC,7
WDT,JJ,NNS,4
NN,WP,RB,13
NNS,VBN,JJ,12
NNS,WP,WP,1
PDT,NN,IN,2
JJ,JJ,CC,20
JJS,NN,RB,3
WP,VBD,PRP$,2
PRP,JJS,VB,1
VBG,PRP,JJR,2
NN,VBN,VBN,6
VB,VBN,EX,1
VBN,NNS,RB,10
VBD,NNS,PRP$,6
VBN,CD,CC,1
VBD,EX,NN,1
WRB,VBG,IN,4
CD,JJ,NNS,12
NN,DT,DT,29
VBP,JJ,NNS,45
CD,NN,DT,9
DT,VBN,IN,19
WRB,NNS,JJ,2
VB,RB,JJR,8
JJS,NN,TO,2
PRP$,MD,TO,2
CD,VBN,TO,1
TO,PRP,JJ,1
JJR,IN,MD,1
IN,WDT,MD,2
DT,RBR,DT,5
VB,VBZ,TO,1
NNS,CD,WP,1
PRP$,WDT,DT,1
RB,NNS,VBG,1
TO,DT,WRB,1
NN,CD,NN,15
NN,CC,PRP$,59
NN,RB,WRB,6
WDT,PRP$,NNS,7
MD,VB,WP$,1
VB,DT,JJR,4
VBD,IN,NNS,56
WDT,DT,JJS,1
PRP,WP,VBD,12
VBP,PRP,JJS,4
VBN,PRP,RP,1
JJR,VBN,PRP,1
VBD,VBG,TO,1
VBG,RB,MD,3
NNS,JJ,IN,25
EX,NNS,PRP$,1
TO,VBN,DT,4
NNS,RB,TO,8
IN,WDT,CD,2
PRP,RB,TO,17
NN,VB,TO,2
VBZ,DT,DT,18
VBD,NN,RB,16
CC,IN,IN,31
RB,RBS,VBN,1
PRP,NNS,DT,3
JJ,IN,JJ,159
VBN,NN,WP,2
DT,JJS,VBZ,1
VBN,CD,TO,1
JJ,IN,PRP,54
VBG,NN,NN,64
VBP,CC,VBN,7
NN,PRP$,JJ,78
RB,VB,CC,30
WRB,NN,DT,12
CC,WRB,VBN,4
DT,VBZ,VBP,1
MD,DT,PRP$,1
VBZ,WRB,PRP,4
VBN,NNS,WRB,6
DT,DT,JJ,48
IN,PRP,PRP$,17
CC,TO,DT,17
NNS,CC,VBP,11
NN,NNS,PDT,1
WDT,VBD,TO,1
RBR,CC,CD,1
IN,CD,RB,2
VBN,CC,PRP,8
NNS,VBD,NNS,10
JJ,PRP,VBP,26
NN,PRP$,VBZ,1
VB,RB,CD,2
VBZ,NN,CD,1
VBN,VBN,NNS,5
IN,VBG,VBN,8
VB,PDT,VBN,1
VBD,CD,WP,1
VBP,IN,WP$,1
PDT,PRP$,NN,1
VB,VBN,TO,14
VBD,DT,JJS,2
NN,TO,NNP,5
JJR,CC,PRP,1
IN,DT,JJS,39
VBN,VB,PRP,1
CC,DT,DT,71
WP,DT,VBD,1
VBZ,VB,VBN,1
DT,CC,WRB,1
JJ,RB,VBD,2
JJR,NN,CC,5
VBZ,VBZ,VBN,3
PDT,VBG,IN,1
VBN,PRP,JJ,5
RB,CC,IN,19
TO,NN,WRB,2
JJR,DT,VBN,1
WP,VBZ,VBP,3
VBZ,VBN,DT,34
VBD,JJ,JJ,6
IN,IN,WP$,1
RB,JJ,WDT,1
VBZ,RP,JJ,1
CC,CC,NN,1
VBD,RB,NNS,3
TO,VB,NNS,49
NNS,PRP$,RB,3
VB,PRP,CC,14
VBG,RB,VBZ,2
PDT,JJ,NNS,1
VBP,PRP,WRB,2
VB,CD,NN,10
NNP,NN,DT,7
WP,JJS,NNS,2
MD,DT,DT,3
VBD,WRB,NN,5
CC,MD,TO,1
IN,WP$,NNS,4
NNS,NNS,WP$,1
NN,VBD,RB,75
PRP$,NN,MD,62
CC,JJR,PRP$,1
VBZ,DT,RBR,5
VBP,IN,JJ,74
VBG,RP,PRP$,1
RBR,IN,NNS,2
RB,PRP$,RB,4
VBP,VBP,PRP,10
PRP,CC,VBD,12
PRP$,MD,IN,2
JJR,NN,NN,10
VBG,VBD,VBN,1
VB,RB,DT,7
NN,JJR,RB,3
VBG,VBP,PRP,1
PRP,NNS,PRP,1
-NONE-,VBP,TO,1
IN,PRP$,RBS,4
JJ,JJ,PRP$,4
NN,CD,WP,1
VBP,JJS,JJ,2
DT,JJ,VBZ,14
WDT,VB,IN,1
CC,VBZ,VBD,3
VB,IN,MD,1
VBN,PRP,RB,24
CD,WP,VBN,5
VB,DT,PRP,1
VBZ,VBP,VBN,6
NN,NNS,PRP,76
VBZ,NNS,-NONE-,1
RB,VBN,IN,83
VBD,VBN,IN,86
VBN,EX,NNS,1
VBD,NN,RP,1
PRP,VBN,WP$,1
NNP,IN,IN,1
IN,DT,WRB,3
VBG,JJ,CC,10
VB,RP,RB,2
VBP,CC,NN,90
DT,VBP,RB,6
RB,VBZ,PRP$,16
PRP,JJ,IN,5
CC,VBP,WDT,1
NNS,VBD,RB,18
WDT,PRP$,JJ,1
VBD,PRP,VBG,10
CC,JJS,PRP,2
CC,JJS,DT,1
IN,VBP,RB,2
VBN,IN,WP,4
PRP,VBZ,VB,2
DT,VBN,NNS,77
NNS,IN,WP,8
NN,NNS,RP,1
VBZ,NN,WDT,1
RB,RB,NNS,1
RB,IN,PRP$,102
RB,RB,IN,78
RB,WRB,JJ,11
VBZ,VBN,WRB,1
RB,IN,NNS,52
VBN,TO,PRP,11
WRB,VBG,VBN,1
CC,PRP,TO,4
VBP,NNS,VBN,4
MD,PRP,PRP$,1
VBD,NNS,NNS,5
DT,CD,PRP,2
RBR,NN,MD,1
VB,CC,EX,1
IN,VBN,NNS,68
VBP,NNS,NN,6
CD,DT,RB,1
DT,RB,VB,3
NNS,CC,WDT,1
VBD,WRB,JJ,6
TO,PRP,VBZ,2
RBS,RB,IN,2
VBG,JJ,IN,14
TO,WDT,PRP,4
JJ,NNS,VB,12
RB,VBZ,NNS,6
PRP$,VBZ,NN,1
NN,DT,MD,6
WDT,VBN,VBZ,1
RP,IN,PRP,7
DT,IN,WP,1
VB,MD,PRP,2
DT,NN,NNS,541
VB,PRP$,VBN,4
DT,VBP,JJ,7
RBR,RB,JJ,1
NN,MD,IN,11
TO,PRP$,WRB,1
VB,JJS,IN,1
PRP,VBG,RB,9
DT,VBD,NNP,1
IN,CC,RB,8
VBZ,PRP$,NN,86
CC,WP,JJ,2
JJ,NNS,VBG,28
NN,TO,RB,1
VBG,WDT,VBD,1
RB,CC,EX,10
CC,RB,CC,15
RB,VBP,PRP,50
NN,VB,EX,1
VBZ,IN,JJR,2
RB,VB,RP,3
IN,DT,RBS,3
IN,CC,RBR,1
VBD,CC,DT,15
VBD,JJS,PRP,1
VBZ,PRP,VBP,19
PRP$,NN,WP,7
WDT,NNS,WDT,1
CD,DT,JJ,1
WP,-NONE-,DT,1
DT,PRP,MD,26
CC,VBP,VBN,12
VBN,VBP,CC,2
WDT,IN,CC,1
NN,VBD,WDT,1
NN,VBP,VBP,1
NNS,WP,TO,1
RB,DT,PRP$,5
VBD,IN,CC,3
NN,WDT,JJ,11
RB,CC,MD,3
CC,VBZ,RBR,1
DT,JJS,DT,1
VBN,TO,JJS,1
RB,JJS,JJ,1
TO,WRB,PRP,1
PRP,VBP,TO,86
WP,VBG,CD,1
JJ,NNS,WRB,17
CC,RB,RBR,6
PRP,VBD,RB,123
JJ,PRP,VB,2
RB,VBZ,MD,2
JJ,VBN,RB,2
NNS,RB,VBD,19
IN,PDT,NN,1
DT,RB,VBD,10
WDT,-NONE-,VBD,1
IN,IN,NNS,41
VBG,NNS,WDT,15
TO,PRP,VB,6
NN,RBR,PRP,1
PRP$,NN,WP$,2
CC,VBZ,CC,3
JJR,PRP,VBD,1
IN,PRP$,RB,12
NNS,-NONE-,RB,2
VBP,IN,VBG,12
RB,RB,RB,68
PRP,TO,VB,78
WP$,NNS,PRP$,2
RB,VB,VBN,24
VB,PRP,NNS,1
PRP,WRB,MD,1
NN,CC,VBZ,43
PRP$,TO,DT,2
IN,VBN,RB,3
NN,NNS,RB,93
NNS,PRP,VBZ,17
VB,PRP$,RB,3
VB,NN,-NONE-,1
RBR,PRP,RB,1
RB,WRB,VBG,2
PRP,JJ,TO,4
PRP$,VBG,NN,1
NNP,WP,VBD,1
DT,NNS,NN,17
NN,IN,DT,1537
MD,IN,RB,1
WP,DT,RB,2
VB,RB,VBG,2
PRP$,VBN,CC,2
CC,VB,VBP,2
PRP,VBZ,VBN,32
RB,VBG,MD,2
WDT,VBD,VBP,5
DT,DT,NNP,1
NNS,WRB,NNS,8
JJ,NN,VBZ,136
RP,VBG,NN,1
NN,VB,VBZ,1
WDT,NN,NN,11
NN,VBD,VB,13
NNS,NNS,DT,9
CD,NNS,VBD,6
VB,WP,PRP,6
IN,NN,WP$,5
VBD,VBN,WP$,1
RB,VBN,DT,11
VBP,VBG,NN,12
NNS,DT,WRB,1
JJ,EX,VB,1
JJR,VBN,PRP$,1
VBN,VBD,RB,2
IN,CC,NNS,7
DT,VBG,NN,95
NNS,PRP,NN,1
PRP,DT,NNP,1
VBG,VBN,RB,2
VB,TO,JJ,2
CC,VBG,VBG,2
VBP,JJR,IN,4
WP,NN,VBP,16
VBP,JJ,IN,73
PRP,CC,JJ,5
DT,WP,JJ,4
CC,JJS,IN,6
VBN,NNS,VBP,36
MD,RB,TO,1
DT,JJS,CC,4
MD,CC,VBG,1
NNS,WRB,DT,35
NNS,IN,TO,10
VBD,PRP,VBZ,10
VB,NN,RB,16
JJS,VBP,PRP,1
NNS,DT,IN,15
JJR,WP,VBN,1
WP,NNS,TO,4
JJS,PRP$,JJ,2
PDT,NN,NNS,1
CD,JJ,PRP$,1
RB,TO,CD,1
RP,DT,JJ,5
VBZ,VBP,NN,1
DT,CD,WDT,2
VBZ,EX,DT,2
JJS,NN,VBD,2
JJR,WRB,JJ,1
CC,NNS,DT,55
NN,VBZ,VBZ,3
VBZ,NNS,IN,6
VBZ,PRP,VBN,3
CD,WP,RB,3
EX,VBP,JJR,3
CC,NNS,TO,11
RB,DT,IN,5
IN,WRB,MD,2
PRP,VBG,PRP,3
WP,NN,VBZ,14
JJ,NN,RBR,7
VBD,VB,TO,1
PRP,VBZ,VBG,5
WRB,VBD,PRP,11
MD,IN,VBN,1
WP,WRB,DT,2
WP,NN,WRB,2
VBD,VBZ,PRP$,1
DT,JJS,NNS,21
CC,EX,VBP,1
VBD,VBD,PRP,1
JJ,RB,TO,6
JJS,RB,NN,2
-NONE-,MD,NNS,1
VBZ,JJR,VBP,1
VBN,RP,JJ,1
PRP,VBD,RP,9
VBZ,IN,DT,122
IN,PRP,VBG,7
NN,EX,WRB,1
CC,DT,CD,7
RP,CC,VB,3
NN,RBR,NN,2
NN,CC,JJ,260
TO,PRP$,VBN,7
VB,WRB,VBG,3
JJ,WP,RB,3
VBG,RP,VBN,1
VBP,PRP$,NNS,37
CD,CC,CD,2
VBD,IN,MD,1
VBD,JJR,NN,1
NNS,JJR,IN,3
RB,WP,VBZ,6
IN,PRP$,CD,2
JJS,DT,NNS,2
JJ,IN,JJR,2
CC,CD,VBP,1
RP,VBG,TO,1
VBP,CD,VBZ,1
WRB,VBG,JJ,1
VBZ,RB,VBP,5
VBP,RB,JJS,1
VBG,NNS,RB,17
VBD,RP,RB,3
WDT,VBZ,JJ,3
VBN,VB,CC,1
PRP,VBD,CD,11
CC,PRP,NNS,1
IN,WRB,VBN,1
VBN,IN,WDT,1
NN,VBN,NNS,12
WDT,VBN,PRP,4
NN,NNS,TO,48
NNS,PRP,DT,3
RB,VBG,IN,35
WRB,DT,NN,143
EX,VBP,WP,3
CC,JJR,RB,2
JJS,NNS,VBP,11
NN,VBG,CC,13
RB,CD,JJ,3
PRP,NN,NNS,1
VB,RB,JJ,29
WDT,NN,PRP,5
CC,PRP,CC,5
PRP$,RB,NN,18
MD,IN,VBG,1
JJS,NN,WDT,2
JJ,WRB,CC,1
WP,VBP,NNS,3
IN,IN,JJ,84
VB,JJR,JJ,1
WP$,JJ,VBZ,1
JJR,VBG,JJR,1
NNS,PRP,WRB,2
NNS,WRB,VBN,4
RB,TO,PRP$,16
NNS,RB,JJ,55
JJ,CD,NN,2
RBS,DT,NNS,1
VB,DT,PRP$,4
VBP,WP,NNS,2
PRP$,VBD,VBN,1
NN,EX,RB,1
WDT,CD,IN,1
IN,TO,CD,4
NN,TO,VBN,1
VBD,EX,VBZ,2
VBN,CC,MD,2
RB,PRP$,NNS,34
PRP$,VBN,NN,79
JJ,TO,CD,1
PRP$,VBD,NN,1
CD,DT,NN,8
DT,PRP$,VBZ,1
VBN,JJ,DT,3
NN,VBZ,PRP,30
CC,DT,RBS,1
JJ,VBG,TO,2
EX,VBZ,DT,52
WDT,VBG,VBP,3
RB,VB,WRB,5
WP,VBG,IN,3
VB,JJ,DT,14
RB,VB,NNS,4
NNP,VBD,NN,3
RB,CC,VBG,6
VBZ,RB,VBG,3
PRP,JJR,PRP,1
VBN,PRP,VBP,18
NNS,VBD,PRP$,12
IN,NN,VBD,114
CC,RB,IN,94
VBZ,WP,RB,2
VBN,DT,IN,4
VBG,NN,IN,98
VBP,PRP,JJ,15
NNS,PRP,VBG,6
RB,CD,WP,1
DT,JJ,WP,4
MD,RBR,VB,1
DT,VBD,NN,6
PRP$,NN,DT,113
CC,DT,PRP$,41
CC,VB,MD,4
PRP$,NN,WRB,20
CD,CC,RB,1
WRB,CD,IN,1
IN,VBG,CC,8
CC,NNS,NNS,10
NNS,CC,NNP,1
DT,RB,JJR,5
NNS,JJ,PRP,4
VBD,VBN,DT,29
RB,DT,NNS,45
TO,VBZ,NN,1
EX,JJ,NNS,1
RB,PRP,MD,33
VB,VBN,CD,1
TO,CD,WP,4
JJ,MD,TO,1
RB,VB,WDT,1
RB,VBD,TO,11
WDT,IN,VBD,3
VB,VBP,VBN,2
VBZ,VB,CC,2
JJ,NN,CD,6
VBG,VBG,NN,4
PRP,PRP$,VBG,1
DT,CD,VBD,3
DT,WP,VBG,1
PRP,VBP,JJS,6
VBG,PRP,RB,7
VBP,RB,RB,48
DT,NNP,RB,2
CC,VB,WDT,3
VBN,VBP,VBN,3
VBP,RB,CD,2
VBP,JJ,DT,18
CD,JJ,DT,1
VBP,CD,JJ,2
MD,CD,NN,3
PRP$,JJ,RB,5
NNS,VB,PRP,2
WDT,VBZ,VBP,4
RB,JJ,NN,157
VBZ,RP,TO,2
CD,NNS,NN,3
WP,JJ,RB,1
JJS,DT,NN,5
NN,WP,JJ,7
VB,WRB,RB,2
NN,PRP$,DT,1
TO,NN,WP$,2
TO,NN,NNS,11
VB,NN,NN,57
IN,VBG,MD,4
NNS,IN,VBN,30
VBZ,RB,VBN,27
VBG,IN,IN,11
JJ,NN,DT,169
RB,JJ,RB,14
NN,IN,WP,19
NNS,PRP$,JJR,1
PRP$,RB,VBZ,2
DT,VBN,DT,6
PRP$,VBN,NNS,39
VBG,CC,WP,1
JJ,WRB,IN,1
JJ,VBD,RP,1
RB,VBG,RP,2
NN,IN,JJS,16
VB,VBN,JJR,1
PRP,DT,JJ,30
RBR,IN,DT,11
IN,TO,PRP$,12
DT,JJS,JJ,6
CD,NN,NN,53
CC,VBN,JJ,10
VBP,JJS,TO,1
NNS,NN,CC,14
DT,NNS,CC,102
VBD,VBD,TO,1
WP,VBD,RB,4
-NONE-,NN,IN,1
VBD,VBP,TO,2
VBP,TO,NNS,6
WRB,PRP,MD,23
DT,IN,NNP,2
TO,VBG,NNS,4
RB,JJR,IN,18
VBD,VBN,VBD,1
VBP,WP,VB,2
WRB,RB,WRB,3
PRP,VBN,DT,3
JJ,NNS,NN,73
NNS,DT,MD,2
RB,VBG,CD,2
WRB,NNS,IN,8
JJR,RB,JJ,1
NNP,RB,NN,1
RB,WDT,NN,2
DT,VBZ,IN,21
CC,NN,PRP,55
RP,IN,DT,14
CC,PRP,PRP$,5
WDT,PRP,RB,6
DT,WP,VBN,5
NNS,MD,PRP$,2
NN,WDT,-NONE-,1
NNS,RP,TO,1
VBD,IN,JJR,4
CC,MD,VB,39
TO,DT,NNS,37
WRB,VBZ,VBN,2
WDT,VBZ,VBG,3
PRP$,JJR,VBG,1
WRB,VBN,DT,3
NN,DT,WP$,1
MD,CC,MD,1
DT,JJR,PRP,2
IN,VBD,WRB,1
JJS,RB,VBD,2
PRP,VBG,TO,1
NN,WDT,IN,31
VB,CC,NNP,2
VBP,VBG,RB,3
PRP$,CC,JJS,1
VBP,VBP,RBR,1
RB,VBG,PRP$,1
NN,JJ,CC,20
CC,VBN,EX,1
RB,NN,PRP,15
NN,EX,PRP,1
CC,WRB,VBZ,2
WP,VBP,JJ,2
WRB,VBZ,PRP,5
IN,WRB,RB,2
VB,IN,VBD,1
WRB,JJ,VBP,2
VBG,NN,WDT,1
VBP,WP,NN,8
TO,DT,WDT,2
NNS,CC,VBG,25
CC,NNS,VBD,27
WDT,VBZ,PRP,5
VBG,PRP,NNS,2
NNS,DT,PRP,2
VBP,TO,JJR,2
NNP,DT,IN,1
RP,CC,NNS,1
CD,PRP,VBG,1
NN,PRP,VBZ,120
CC,CD,NN,13
RB,MD,IN,4
VBD,CC,WRB,1
VBN,PRP$,NN,74
VBN,VBZ,VBN,6
IN,NN,NNS,402
WRB,NN,VBN,4
CC,TO,NN,3
IN,WDT,PRP$,6
WDT,VBP,VBD,1
DT,VBP,PRP$,4
DT,NNS,DT,70
NNS,-NONE-,VBP,4
NNS,WP,JJS,2
RB,NNS,VBP,13
DT,MD,MD,1
NN,VBP,WRB,1
PRP,RB,CD,3
NN,NN,RBR,9
NN,WDT,WRB,2
CC,WRB,RB,1
NN,JJ,WP,2
NNS,JJ,RB,3
NNS,VBP,NNS,67
NN,CD,VBG,3
VBG,RP,DT,12
JJ,RB,VBP,4
EX,NN,JJ,1
MD,VB,JJS,1
VBZ,VB,IN,1
NNS,DT,NN,392
VBN,CD,JJ,1
VBN,-NONE-,VB,1
TO,RBR,NN,1
NN,DT,JJS,13
WRB,CD,NNS,1
NNS,VBD,DT,22
IN,CD,VBN,9
NN,VBN,PRP,5
CC,RB,MD,20
VBD,PRP,CC,11
CC,VB,WP,1
CC,JJ,TO,13
VBP,RB,PRP,17
JJ,VBD,RB,2
RB,VBG,RB,9
NN,VBP,MD,2
RBS,JJ,DT,1
NN,VBG,PRP,9
NNS,VB,RB,3
PRP$,PRP$,NNS,1
CC,VBP,CC,11
VB,CC,PRP,7
RB,IN,VB,2
JJS,NN,MD,2
PRP,VBN,VBZ,1
-NONE-,JJS,NN,1
NNP,CC,NNP,1
PRP,VB,PDT,1
VBP,VBP,TO,1
RB,DT,RB,17
IN,NNS,IN,305
RB,VBG,EX,1
PRP,MD,IN,7
RB,VBG,TO,5
WRB,VBP,VBD,2
PRP$,RP,NN,1
RB,RBR,NN,3
NNS,TO,IN,1
VBG,MD,RB,1
VB,WP,MD,2
VB,JJ,VBD,1
IN,NN,JJR,12
NNP,VBZ,DT,1
CC,NNP,NN,3
VBP,DT,JJS,7
NNS,VBP,RBR,2
DT,JJ,VBN,38
IN,DT,TO,11
RB,PRP,CD,2
VBN,VBG,VBN,1
WDT,NN,CD,1
IN,CD,EX,1
NN,CD,VBN,1
NNP,NN,NN,41
CD,WP,VBZ,1
MD,TO,VB,10
VBN,CC,VBG,1
TO,VBN,PRP,1
TO,DT,JJR,4
WP,VBP,VBN,10
DT,RB,TO,3
CD,NN,TO,5
WRB,PRP$,JJ,16
IN,PRP,CC,63
PRP,JJ,VB,1
VBZ,CC,VBZ,6
VBN,IN,NNP,9
IN,NNS,RBR,1
DT,IN,VBG,1
VBZ,JJS,IN,2
RBR,NNS,IN,2
NNS,EX,PRP$,1
VBP,MD,RB,3
MD,CC,VB,7
NN,WDT,DT,30
DT,JJS,VBD,2
VBP,CC,EX,1
CC,WP,VBP,3
VB,VB,CC,2
DT,DT,VBN,4
VBZ,WRB,DT,1
VBD,CC,EX,1
NNS,DT,JJ,133
JJR,NN,NNS,3
NNS,PRP,CD,1
IN,NNS,EX,2
JJ,JJS,JJ,2
-NONE-,JJS,IN,1
WP,VB,DT,1
TO,PRP$,DT,1
VBP,VBN,PRP$,21
DT,WRB,NNS,1
RB,PRP$,IN,3
NN,RB,PRP,44
CC,CD,WP,1
TO,RB,PRP$,1
RB,WDT,IN,1
JJR,VBP,JJ,1
VB,IN,CC,5
NNS,CC,WRB,6
WP,RB,RB,7
JJS,JJ,JJ,1
DT,VBD,RB,3
VBD,MD,RB,4
PRP,DT,CD,2
PDT,IN,JJ,1
JJ,PRP,IN,13
VBP,PRP,TO,10
VBP,JJ,VBN,11
VBP,IN,NNS,37
JJ,VBG,DT,2
NNP,NN,IN,4
NNS,DT,VBN,10
WRB,RB,PRP,15
DT,JJ,VBG,3
JJS,IN,NN,10
RB,RBR,VB,1
VBN,VB,DT,1
VBG,NNS,VBP,20
RBR,TO,NN,1
JJR,JJ,TO,2
NN,VBG,VBZ,2
VBN,CC,VBN,23
VBN,NN,JJ,4
VBZ,IN,CD,1
NN,VBD,CD,6
NN,MD,VB,434
RP,TO,NN,1
VBG,VBG,RB,1
CC,JJ,PRP$,9
JJS,NN,VBZ,3
NN,IN,VBZ,22
VBP,JJR,TO,1
WRB,MD,PRP$,3
IN,JJ,WDT,4
NN,WRB,IN,15
VBG,TO,PRP$,8
CC,NN,RBS,2
PRP,RB,IN,56
VBZ,JJR,NN,1
NNS,JJS,RB,2
NNS,WP,DT,3
WP,WRB,PRP$,1
VBN,VBN,PRP$,1
VB,VBN,WRB,3
VBD,RB,WP,1
VBP,VBD,PRP$,1
CC,VBD,DT,93
VBN,NN,PRP$,10
DT,DT,VBG,1
DT,CD,NN,7
PRP,DT,CC,2
IN,VBD,PRP$,1
VBZ,PRP,CD,2
NNS,NN,VBZ,3
VB,NNS,RB,6
WRB,PRP,RB,3
JJ,DT,NN,238
VBP,NNS,NNS,4
TO,VB,RB,58
IN,DT,DT,109
TO,NN,VBN,4
RB,PRP,CC,3
CC,VBN,RB,6
VBZ,CC,JJS,2
JJ,MD,CC,1
RB,VBG,WDT,1
JJ,VBN,JJ,12
VBP,PRP,VBG,11
PRP$,NNS,VBG,11
IN,WP,DT,18
VB,RB,CC,13
NN,RB,PRP$,13
VBN,NNS,TO,11
IN,NNS,TO,37
VBD,RBR,VBN,1
VBP,JJ,TO,18
IN,JJ,IN,156
VBP,PRP,MD,20
TO,JJR,NNS,4
CD,NN,RB,5
JJR,NN,VBD,2
VBP,CC,RB,23
JJ,JJS,NN,2
VB,CC,MD,3
VBD,PRP,PRP,10
TO,PRP,VBG,3
PRP$,VBP,RB,1
PRP,VBN,CC,2
VBD,VBP,PRP,4
NN,JJS,CC,2
VBZ,DT,JJS,10
NN,VBG,RB,21
IN,JJR,NNS,10
NNS,PRP,PRP$,3
IN,JJS,RB,1
RB,JJR,NN,4
NN,VB,WRB,1
VBN,RB,VB,1
VBP,VB,VBN,4
VBG,PRP,VBD,6
-NONE-,NN,VB,1
JJR,VBZ,VBN,2
PRP,CC,PRP,30
PRP,DT,PRP,4
EX,WRB,PRP,1
NNS,RB,VBP,37
NNS,NNS,NNS,20
RB,RB,VB,30
PRP,TO,VBG,2
NNS,NNS,WP,2
VBZ,JJ,WDT,2
VBZ,VB,NN,1
WRB,PRP$,NN,25
PRP,VBZ,NNS,9
VBP,TO,CD,1
NN,WDT,VBZ,91
JJS,JJR,IN,1
VBG,RB,IN,28
WDT,VB,CC,1
RP,NN,NN,1
IN,CC,IN,19
IN,DT,IN,28
VBP,VBN,-NONE-,3
VBD,PRP,RP,3
NNS,JJS,IN,2
TO,NN,VBG,3
VBN,DT,NNP,4
JJ,NNS,VBP,262
VBG,VBP,VBG,1
CC,PRP$,TO,2
NN,JJ,VBN,10
MD,CC,NN,1
JJS,EX,VBZ,1
DT,RBR,PRP$,3
VB,RB,MD,1
VBG,JJ,VBZ,1
WRB,RB,VBP,6
NN,VBD,MD,9
WP,NN,WP,7
CD,NN,JJS,1
VBN,JJ,PRP$,1
VBP,NNS,VBP,16
VBD,VBN,-NONE-,2
JJS,PRP,RB,3
VBD,PRP$,JJ,28
VB,WP$,NN,1
IN,DT,RB,78
NN,VBG,JJ,21
JJR,CC,NN,4
VBG,JJR,NN,1
CD,NNS,VBP,6
NN,JJ,PRP,1
IN,WRB,IN,7
RP,JJ,CC,2
VBP,RP,IN,9
JJ,TO,PRP,15
CC,DT,WRB,1
PRP,WP,VBP,8
VBZ,VBN,-NONE-,1
RB,WP,JJ,1
VBP,NNS,VB,1
NN,PRP,PRP$,2
VBN,-NONE-,JJ,3
CC,DT,JJ,150
VBP,NN,NN,44
VBN,RB,VBN,5
JJ,TO,NN,21
IN,VBZ,NN,3
JJ,CC,JJR,2
RB,WRB,NNS,5
IN,RB,JJS,1
WP,JJ,WP,1
WRB,NN,PRP$,4
VBD,PRP,VBN,5
NN,DT,VBZ,3
DT,NNS,WRB,11
VBP,WDT,RB,1
PRP,CC,NNP,1
VBP,WRB,VBN,1
DT,VBG,RP,1
VB,JJ,WP,2
VB,RB,-NONE-,1
VBP,IN,NN,172
NNS,WRB,NN,16
NN,PRP,JJ,10
DT,VBG,VBN,2
JJR,JJ,WRB,1
CD,PRP,VBP,2
NN,MD,NNS,2
NNS,NN,VBP,3
RB,WP,PRP$,1
PRP,DT,VBZ,1
WDT,VB,RB,1
NN,NNS,CD,4
NN,VB,RB,14
IN,RB,PRP$,9
VBZ,TO,JJ,5
VBD,RB,WDT,1
VB,PRP,JJ,9
DT,WDT,TO,1
VBN,NNS,PRP,6
NNP,RB,JJR,1
VB,RP,VB,1
PRP,IN,JJ,92
NN,VBG,JJR,2
CC,WP$,NNS,2
WDT,PRP,VBD,15
WDT,IN,NNS,4
VBD,IN,NN,256
VB,NNS,VBP,3
RB,JJR,JJ,6
DT,JJ,DT,28
NN,VBG,TO,12
VBN,RP,CC,2
JJ,NNS,PRP,44
PRP,JJR,EX,1
CC,MD,DT,9
IN,VBZ,NNS,2
CD,NN,WRB,1
VBG,PRP,VBZ,4
RP,VB,JJ,1
VBZ,WRB,VBZ,2
JJR,RB,VBP,2
NNS,IN,CC,11
RP,IN,PRP$,7
JJR,TO,DT,5
RB,VBD,PRP$,13
CD,RB,VBG,1
VBD,TO,NN,19
PRP$,JJ,VBP,1
VBG,PRP,IN,9
VBD,IN,PRP,59
WP,VBD,DT,9
VBD,PRP,MD,8
VBG,PRP$,MD,1
PRP,NN,VBZ,2
JJR,NN,VB,1
DT,NN,JJ,66
VBZ,RB,CC,9
VB,RB,RB,24
VBP,NNS,WRB,4
IN,PRP,WRB,6
VBN,NNS,VBG,5
CC,VBD,PRP$,40
NNS,WDT,NNS,9
NN,PRP,WP,19
VB,WRB,IN,2
JJ,VBN,NNS,37
RBR,JJ,IN,11
CC,DT,JJS,6
NNS,VBP,JJR,5
JJ,NNS,VBN,31
IN,IN,RB,10
NNS,CD,VBG,2
VB,IN,WDT,1
DT,PRP,TO,1
DT,RB,PRP,5
MD,VB,VBP,4
WP,VBG,DT,1
NN,JJ,VBP,2
RB,VB,DT,45
DT,RB,JJ,59
JJR,CC,VBD,1
TO,IN,NNS,1
JJS,VBZ,IN,1
NN,VB,JJ,31
TO,WP,JJ,1
DT,NNS,VBN,3
NN,IN,EX,2
RBR,CC,VBG,1
PRP,VBP,CD,9
VBZ,VBN,VBZ,2
VBZ,VBG,RP,2
RB,VBZ,CC,17
VBZ,CC,PRP$,2
JJS,VBN,NN,2
DT,NN,JJR,3
PRP,VBZ,VBP,2
WDT,VBD,VBN,4
PRP,WRB,JJ,3
VBD,DT,WP,1
VB,IN,NNS,26
PRP,VBZ,-NONE-,2
IN,VBP,JJ,1
NN,NNS,PRP$,64
IN,RB,CD,1
IN,CD,WP,15
RBR,VBZ,VBN,2
CC,VBG,IN,39
VB,WRB,DT,4
VBG,NNS,CC,15
VBD,MD,NN,1
CC,RBR,IN,1
WP,VBN,VBP,8
EX,NN,DT,3
VBP,VBN,DT,49
WDT,VBN,IN,5
RB,JJR,PRP$,3
JJ,TO,NNS,6
VBN,TO,DT,11
VBZ,PRP$,VBN,3
PRP,CD,MD,1
VBP,IN,VBN,7
VBN,NNS,VBN,12
JJ,NN,MD,92
JJR,CC,JJR,7
NN,NNS,JJS,3
VBN,RP,DT,5
WP,RBS,NNS,1
NN,DT,VBD,4
VBD,RP,IN,11
VBP,VBZ,DT,2
VBZ,NNS,NN,1
NN,RB,JJR,7
DT,PRP,JJ,3
VBN,TO,PRP$,8
DT,NNS,VBG,27
CC,NN,CC,125
VBZ,VB,PRP$,1
VBZ,IN,WDT,5
NNS,JJ,DT,4
WRB,PRP$,CD,1
NN,VB,RP,2
PRP$,JJ,JJ,16
PRP,JJS,IN,1
NN,WRB,RB,9
CC,VBP,IN,61
VB,RB,VBN,11
VBD,PRP,NNP,1
CC,VBD,CD,2
PRP,NN,PRP,4
RBR,CC,RBR,2
WRB,VBP,CC,1
WDT,NNS,WRB,1
TO,WRB,NN,1
PRP,VBZ,RP,6
IN,NN,VB,15
RB,VBP,RB,26
RB,VB,NN,29
IN,MD,PRP$,4
VBD,JJS,RB,1
IN,NNS,JJR,4
JJ,WDT,DT,2
VBN,DT,CC,1
EX,VBZ,CD,2
IN,PRP$,PRP$,1
TO,VBP,DT,1
NN,JJR,NN,2
VBD,NNS,VBD,3
CC,VBG,VBN,3
PRP,NN,DT,7
VB,IN,NN,132
WDT,VBP,DT,6
NNS,IN,VBZ,1
TO,VBP,JJ,2
RB,IN,EX,2
VBP,RB,IN,53
NNS,PRP$,VBN,7
JJ,JJ,MD,1
WP,IN,TO,1
NNS,VBD,PRP,15
DT,VBN,VBD,1
DT,PRP,RB,11
WP,RB,MD,2
VBP,TO,PRP,13
WRB,DT,JJ,78
RB,IN,TO,10
DT,WP$,NN,1
DT,CC,JJR,1
VBD,VBD,DT,2
VBN,DT,PRP$,6
IN,PRP,PRP,28
RB,PRP,VBZ,39
VBZ,EX,RB,1
VBG,RP,PRP,1
RB,CC,DT,10
WRB,MD,RB,2
WRB,DT,RBR,1
JJS,VBP,JJS,1
VBN,WRB,JJ,2
DT,CD,VBZ,2
VBN,WP,VBD,1
CD,NNS,NNS,1
VBN,VBG,CC,1
VBD,DT,NN,351
VBD,WRB,VBD,1
JJS,JJ,JJS,2
JJ,WP,JJ,1
VBG,RB,NNS,2
NNS,NNS,WRB,1
WRB,JJ,TO,4
VBD,VBZ,RP,1
WDT,DT,VBD,5
NNS,JJ,CC,9
VBP,DT,WP,2
VB,DT,IN,7
NN,VBD,VBZ,6
CD,VBN,NN,1
DT,NN,MD,112
RB,VBP,VBN,27
WDT,VBN,RP,1
IN,PRP,VBN,1
PRP$,NN,NNS,342
NN,CD,CC,1
NNS,TO,RB,4
PRP$,IN,WP,1
RB,IN,VBN,5
VBP,VBN,VBZ,1
PRP,NN,IN,16
PRP$,NNS,PRP$,23
IN,WP,VBN,3
IN,CC,WDT,1
TO,RB,VBZ,3
RB,IN,NN,178
CC,VBP,PRP,33
IN,VBG,PRP$,1
EX,VBP,MD,1
VBP,VBP,IN,4
VB,PRP,VBD,14
DT,PRP,VBZ,18
NN,VBG,EX,2
VBD,DT,WDT,1
NNS,CC,VB,66
VB,VB,VBN,5
VBD,PRP,DT,14
NNS,IN,RB,50
WP,VBN,NNS,6
VBP,WP,IN,3
PRP,VBD,CC,54
VB,CC,JJ,13
CD,IN,DT,14
CC,VBG,TO,6
IN,WRB,VBG,1
CC,EX,PRP,2
NN,TO,PRP,28
MD,IN,JJS,1
WDT,DT,IN,1
NNS,VBG,DT,11
DT,JJR,DT,12
TO,NN,VB,5
JJ,CC,VB,25
NNS,VBG,PRP,7
NNS,RB,NNS,9
NN,VBZ,RP,6
VBD,NN,VBD,7
DT,CD,NNS,9
RB,EX,NNS,1
PRP,WP,RB,16
VBG,TO,DT,28
NNS,VBG,JJ,6
WP,PRP$,NN,5
NNS,VB,VBN,17
WRB,MD,DT,8
JJS,MD,RB,1
JJR,NNS,DT,4
NN,PRP,MD,99
CC,PRP$,CD,1
VB,JJ,CC,18
RB,NN,WRB,4
JJ,RB,NNS,2
VBP,JJ,CC,30
DT,DT,MD,4
WRB,NN,VBZ,35
CC,IN,VBZ,2
VBZ,NNS,CC,1
NNS,VBP,VBP,7
TO,DT,PRP,2
CC,VBD,RB,34
VBN,WRB,RB,1
VB,RB,TO,7
DT,VBD,WDT,1
VBP,TO,JJ,4
DT,RB,DT,6
WDT,VBG,NNS,2
CD,IN,WP$,1
VBZ,VBG,CC,5
MD,RB,VBZ,1
WDT,NNS,VBG,3
RP,PRP,VBP,1
WDT,CC,PRP,1
DT,VBG,PRP$,1
VBP,CC,WP,1
PRP,JJR,TO,1
NN,DT,NNP,22
JJ,VBN,PRP,2
IN,WP,VBG,1
PRP$,NNS,DT,39
RBR,PRP$,NN,4
PRP$,NNS,-NONE-,1
IN,VBD,JJ,4
EX,NN,CC,1
NNS,WDT,VBP,33
NN,PRP,PRP,12
NN,RB,VBZ,81
EX,VBZ,MD,1
NNS,PRP,JJS,3
RB,CC,VBN,4
RP,JJ,DT,2
RB,DT,NN,283
RB,NNS,DT,5
PDT,NNS,MD,1
VB,JJ,RB,9
PRP,PRP$,NNS,9
JJR,VBG,NNS,2
PRP$,JJ,NNS,149
NNS,VBZ,RB,8
IN,JJ,RB,20
PRP,IN,EX,2
NN,NNS,WDT,90
DT,PRP$,NN,93
RB,JJ,NNS,57
VBN,VBP,PRP,1
VBD,PRP$,MD,1
VBN,WP$,NN,3
DT,VBG,JJ,10
VB,WDT,IN,1
VB,RB,WRB,3
VB,RP,TO,1
VBD,TO,JJ,8
RB,PRP,VBD,57
VBP,NN,VBP,1
WP$,NN,DT,6
VBG,CC,RB,3
JJ,CC,WRB,3
IN,JJ,CC,116
NNS,VBZ,CC,9
RB,JJ,CC,51
NN,VBD,JJ,118
NN,PRP$,CD,1
CC,DT,WP$,1
VB,WP,NNS,1
IN,NNS,VB,2
NNS,VB,VBG,1
PRP,VBP,VBG,20
DT,NNP,JJ,8
NN,VBN,VBP,1
WP$,JJ,NN,25
RB,VBZ,VBD,2
JJS,VBD,WP,1
NN,VBZ,VBD,1
NNS,PRP$,DT,4
NNS,WRB,CD,2
WDT,VBD,CC,3
JJ,PRP$,NN,61
PRP,IN,-NONE-,1
NN,WP,NNS,23
RP,RB,PRP$,1
NN,PRP$,MD,4
WRB,DT,NNP,2
JJS,NN,NNS,3
CC,NNS,RBR,3
JJS,PRP,CC,1
WDT,VBN,RB,1
CC,VBG,WRB,1
VBP,CC,JJR,3
JJS,CC,VBZ,1
CC,VBG,EX,1
VBD,DT,MD,1
WP,VBN,RB,3
WRB,IN,PRP$,14
PRP,PRP$,VBN,1
CC,JJR,JJ,5
DT,WRB,PRP,1
VBG,TO,NN,4
VBN,NNS,IN,65
PRP,DT,JJR,2
WP,CC,IN,1
PRP,VBP,PRP,179
DT,NN,VB,18
NN,VBN,VB,1
JJR,NN,VBP,2
WP,NN,DT,14
NNS,IN,VBG,47
VBN,JJ,WRB,3
WRB,CC,WRB,5
IN,WP,MD,1
VBZ,NNS,DT,2
RP,RB,JJ,2
PRP,WP,IN,8
VBG,DT,IN,5
JJR,IN,JJ,15
NNP,NN,VBG,3
DT,VBD,VBN,12
VBN,RP,NN,1
VBN,PRP,CC,6
RB,CD,NN,10
VBD,VB,WRB,1
NNS,VBN,TO,2
NN,VBD,WP$,1
VB,JJ,JJS,1
JJS,JJ,NN,18
CC,NNS,WRB,5
WRB,IN,JJ,17
NNS,VBP,PRP,67
VBZ,NN,TO,14
MD,IN,WP,1
NN,VBG,PRP$,1
JJ,RB,RB,9
VBZ,WP,CC,1
VBD,VBG,RP,1
WDT,WDT,CC,1
VBG,WP,NNS,1
VBP,VBZ,JJ,5
NNS,JJ,NN,62
PRP,VBP,MD,15
DT,JJS,NN,55
VBG,WRB,TO,1
JJR,RB,NNS,1
IN,RB,JJ,80
VBD,VBP,JJ,4
NNS,IN,PRP,99
PRP$,PRP$,JJ,2
DT,RBR,MD,5
JJ,NN,WDT,74
CC,VBD,RP,7
PRP,VB,IN,21
WDT,VBP,VBZ,2
CD,NN,MD,4
VBP,PRP,RB,69
VB,TO,WDT,1
TO,VBG,NN,4
RB,NN,VBG,2
CC,PRP$,IN,6
VBP,VB,JJ,2
NN,WP,VBN,10
JJS,TO,DT,1
VBD,VBG,PRP,3
DT,RB,CD,1
DT,VBZ,NN,11
VBZ,CD,WP,1
IN,IN,VBN,5
VBN,VBG,RB,2
VBD,NNS,DT,9
PRP,JJS,PRP$,1
NNS,NNS,WDT,5
MD,JJS,NN,1
TO,VBN,PRP$,2
NNP,IN,WRB,2
VBG,JJS,RB,1
-NONE-,RB,CC,1
WP,VBZ,JJR,1
DT,NNP,RBR,1
NN,JJS,JJ,7
WP,NN,PRP$,7
NN,PRP,TO,20
CC,JJR,TO,2
DT,PRP$,WDT,1
DT,CD,JJ,9
CC,VBD,PRP,90
NNP,NN,VBN,1
CC,VBD,WRB,6
MD,PRP$,NN,23
JJ,WDT,-NONE-,1
TO,VB,VBD,1
CC,VB,NNS,15
WRB,PRP,VBG,1
RB,NN,VB,2
NN,NN,WP,24
NN,CC,VB,178
NN,VB,RBR,2
PRP,WP$,JJ,8
NNS,CC,VBN,1
NN,VBZ,CC,42
NN,PRP$,RB,6
VB,WDT,VBD,1
PRP,VBD,IN,167
WP,RB,CC,3
CC,NN,VB,15
PRP,VBP,JJ,233
JJ,IN,VBZ,7
NNS,DT,NNS,57
JJS,NN,WP,1
VBD,WDT,VBN,1
NN,NN,VBD,290
RP,JJ,IN,3
RB,RBR,JJ,12
PRP$,NN,JJS,3
NN,VBG,DT,22
WRB,IN,MD,1
VB,JJ,VBZ,2
VBD,NN,NN,80
IN,JJ,PRP$,13
JJ,NNS,JJ,58
WDT,NN,RB,11
RP,PRP$,NNS,3
CD,WDT,VBD,1
NN,RB,IN,143
VBN,PRP,TO,17
VBP,WP,VBP,1
CD,VBN,DT,1
VBP,WP,MD,2
RB,VBP,CC,22
PRP,PRP$,DT,1
TO,PRP$,CD,1
WP,VBZ,CD,1
NNS,JJ,VBN,9
VBG,CC,PRP$,4
VB,JJR,NNS,1
PRP,VBP,NN,86
WDT,VBG,IN,4
WP,VBP,VBP,3
JJ,CD,CC,2
NN,WDT,VBN,10
WDT,VBZ,WRB,2
NN,VB,PRP$,4
WP,VBP,NN,3
VBG,NN,TO,22
NNS,VBP,NN,122
TO,NN,MD,2
PRP,JJR,VBZ,1
RB,RP,IN,1
VBP,WP,WRB,1
WRB,PRP,VBN,1
VBZ,CC,JJ,9
IN,NNS,WRB,16
VBP,JJ,PRP,10
PRP,VBD,DT,148
RBR,JJ,PRP$,2
PRP,TO,RBR,1
VB,NN,CC,38
VB,WRB,PRP$,3
WRB,JJR,NNS,1
NN,CD,NNS,10
NN,WDT,PRP,46
PRP,TO,PRP,7
CC,CD,NNS,1
CD,IN,JJ,4
NN,RB,DT,71
NN,IN,WRB,7
JJ,IN,VBD,1
WP,DT,JJ,9
RB,PRP,NN,2
NN,VBP,JJ,17
DT,CC,NNS,2
VBD,WP,JJ,2
VBD,PRP,TO,22
JJ,JJ,RB,2
VBG,VBP,TO,1
RB,RB,VBD,15
VBP,WP,JJ,1
TO,PRP$,JJR,1
PRP,VBP,VB,7
CC,TO,JJ,3
CC,CC,DT,2
JJ,CD,JJ,4
DT,CD,MD,1
VBP,PRP,RP,1
CD,IN,PRP$,2
VBN,NN,JJS,1
WDT,DT,RB,3
VBZ,RB,IN,33
VBZ,MD,RB,1
RB,VBG,JJS,1
WP,JJ,PRP,2
CD,MD,RB,1
RB,VBZ,RB,15
VBP,VBZ,PRP$,1
NN,WDT,VBG,4
WRB,VBN,WRB,1
DT,IN,DT,42
NNS,NNS,IN,24
DT,WP,RB,9
RB,DT,JJR,1
VBD,VBZ,DT,6
RB,VBN,VBP,1
VBN,VBN,CC,5
NNS,VBG,CD,1
NNS,NN,VBD,12
WP,JJ,NN,30
IN,VBZ,PRP,2
WRB,DT,VBN,6
CC,VBZ,NNS,4
DT,CC,NN,7
RB,VBP,DT,36
PRP$,JJS,NN,10
PRP,PRP,VBG,2
WDT,DT,MD,2
NN,PRP$,RP,1
NN,RBR,IN,8
NN,CC,JJS,9
VBN,IN,IN,11
VBD,CC,MD,4
CD,PRP,VBD,2
RB,RB,JJR,1
WDT,JJ,PRP,1
VBP,DT,VBN,20
NN,PRP$,VBG,1
IN,EX,JJ,1
VBN,JJ,PRP,4
VBD,JJ,CC,21
RB,VB,IN,74
CC,RBR,VBN,1
RBR,VB,VBN,1
VB,IN,CD,3
IN,DT,WDT,12
MD,VB,TO,38
DT,MD,RB,4
CC,VB,JJ,34
RB,JJ,IN,97
RB,CC,PRP$,5
EX,VB,PRP,1
VBD,WP,VBN,4
VBG,VBZ,IN,1
VBN,NN,RB,25
NN,VBP,VBN,45
VBZ,NNS,VBZ,2
PRP$,DT,JJR,1
IN,VBG,RP,1
WDT,PRP,VBP,53
VBD,EX,TO,1
VBP,VBN,CD,2
DT,VBD,IN,7
VBP,WP,VBN,1
DT,TO,PRP$,1
VBD,NNS,VB,2
IN,VBP,VBN,2
PRP,JJR,IN,15
CC,RB,DT,83
PRP,WP,VBZ,6
JJS,PRP,MD,4
NN,VBZ,DT,156
NN,-NONE-,DT,1
CD,NN,NNS,9
JJ,JJR,NN,1
VB,VBP,RB,1
DT,IN,IN,3
NN,RB,CC,42
NN,WRB,VBD,2
VBZ,VBG,IN,20
JJ,JJS,VBP,2
CC,JJ,WP,2
RB,EX,IN,1
VBN,VBN,RB,1
NNS,VBP,WP,4
IN,CC,WRB,1
MD,MD,VB,4
DT,WP,IN,2
CC,RB,NNP,2
VBP,MD,VBG,1
VBG,WP,PRP,3
RB,NN,WP$,1
WP,VBD,WP,1
NNS,-NONE-,NNS,1
PRP$,RB,CD,1
CC,IN,WP$,2
IN,WP,PRP$,5
DT,NNS,VBZ,18
PRP$,NNS,VBN,16
VBZ,VBZ,JJ,3
IN,MD,RB,6
WDT,DT,CC,2
WRB,RBS,VBN,1
RB,CD,RB,1
VBZ,VBN,VBN,9
NNS,VBG,PRP$,4
VBD,PRP$,JJR,1
TO,VB,CC,119
WDT,VB,PRP$,1
EX,NN,MD,1
VBP,WRB,PRP,3
PRP$,CC,DT,1
JJ,VBD,DT,3
VB,NN,VBD,2
WP,IN,NNS,2
CC,JJ,WRB,3
DT,VBD,PRP$,5
VBG,NN,VBG,6
RB,RB,RBR,2
IN,CC,VBG,2
VBZ,JJ,DT,13
WRB,IN,DT,38
CC,DT,VBZ,8
IN,VBG,JJ,16
VBP,RB,VBD,2
NN,TO,VB,526
VBZ,TO,NNS,4
WRB,DT,DT,20
JJS,NNS,DT,3
VBD,PRP$,VBN,6
VBP,VBN,RP,8
TO,NNS,IN,22
IN,NNS,WDT,42
NNS,NN,NN,26
CD,RB,VBZ,2
DT,VBN,NN,243
RBR,NNS,VBP,1
PRP$,VBG,MD,1
NNS,WP,NN,16
WDT,NN,VBD,13
JJ,CC,EX,1
EX,VBP,VBN,1
RB,NN,WDT,2
NN,VBP,RBR,1
DT,CC,PRP,3
CD,NN,WP,1
VBG,VBN,NNS,2
DT,CC,VB,1
VBD,CC,TO,1
IN,PRP$,JJ,309
EX,NN,NN,4
NN,IN,TO,26
NNS,RBR,PRP,1
TO,NNS,NNS,3
NN,VBD,RP,8
VB,VBN,VBG,2
RBR,IN,JJS,1
VBN,PRP,WP,3
PRP$,PRP,MD,1
JJS,IN,NNS,8
DT,VBG,WRB,1
IN,WP,-NONE-,1
PRP$,JJ,MD,3
VBP,JJ,WRB,2
JJR,TO,JJR,2
PRP,CC,VBZ,3
WRB,VBN,IN,9
NNS,IN,WP$,4
VBZ,CC,DT,22
DT,WRB,IN,1
JJR,NN,WP,1
NN,RP,VBG,1
IN,VBG,RB,11
IN,EX,VB,3
VB,PRP,JJS,5
IN,CC,VBN,2
PRP$,TO,PRP$,2
JJS,JJ,IN,3
JJR,NNS,IN,10
RBR,IN,JJ,6
VBD,JJ,PRP$,6
VB,VBN,VB,1
PRP,JJR,DT,1
NNS,VBD,VB,6
WP,VBZ,VBG,1
JJ,DT,NNS,34
PRP,EX,MD,1
PRP$,WP$,JJ,1
NNS,WP,IN,2
JJ,DT,CD,2
NNS,PRP$,VBG,1
CC,VBG,VBZ,2
VBN,VB,WRB,1
VBN,RB,VBG,4
PRP$,CC,NN,3
DT,VBD,TO,3
DT,VB,PRP,1
IN,VBZ,JJ,3
VBP,PRP,CD,4
VBP,JJ,WP,1
VBZ,IN,VBD,1
NN,VBD,PRP$,49
CD,TO,DT,4
JJR,IN,PRP$,11
JJ,IN,RB,33
IN,IN,MD,1
JJ,CC,TO,1
PRP$,PRP,RB,2
WRB,PRP,CC,2
VB,VBG,RB,1
PRP,DT,RB,4
VB,VBN,VBN,3
VBD,VB,JJ,1
PRP,IN,NNS,31
PRP,IN,WP,8
DT,VB,DT,2
VBZ,JJ,WP,1
VBZ,CC,CD,1
NNS,CC,TO,7
CD,VBD,CC,1
WRB,NN,WDT,3
NNS,PRP,IN,33
VBZ,VBG,JJR,1
VB,VBN,-NONE-,2
NNS,IN,MD,7
